datetime,open,high,low,close,volume
2026-03-12T13:30:00+00:00,397.4399999999998,398.40999999999985,394.6399999999999,395.4399999999998,3375
2026-03-12T14:00:00+00:00,395.4399999999998,397.4399999999998,395.3799999999998,396.34999999999985,4272
2026-03-12T14:30:00+00:00,396.34999999999985,398.47999999999985,395.53999999999985,397.89999999999986,4123
2026-03-12T15:00:00+00:00,397.89999999999986,398.2599999999999,395.17999999999984,396.3899999999999,3620
2026-03-12T15:30:00+00:00,396.3899999999999,397.1299999999998,395.70999999999987,396.66999999999985,3239
2026-03-12T16:00:00+00:00,396.66999999999985,398.04999999999984,395.4499999999999,397.64999999999986,3383
2026-03-12T16:30:00+00:00,397.64999999999986,398.84999999999985,396.8799999999998,397.7599999999999,3632
2026-03-12T17:00:00+00:00,397.7599999999999,398.92999999999984,396.8799999999998,397.10999999999984,3274
2026-03-12T17:30:00+00:00,397.10999999999984,397.6399999999999,395.84999999999985,396.49999999999983,2964
2026-03-12T18:00:00+00:00,396.49999999999983,396.84999999999985,395.42999999999984,395.83999999999986,2960
2026-03-12T18:30:00+00:00,395.83999999999986,396.4499999999999,395.40999999999985,395.99999999999983,2548
2026-03-12T19:00:00+00:00,395.99999999999983,396.8899999999999,395.64999999999986,396.67999999999984,2626
2026-03-12T19:30:00+00:00,396.67999999999984,396.76999999999987,394.5099999999999,395.04999999999984,3781
2026-03-13T13:30:00+00:00,395.04999999999984,397.60999999999984,392.67999999999984,393.98999999999984,4027
2026-03-13T14:00:00+00:00,393.98999999999984,394.47999999999985,392.42999999999984,393.84999999999985,4081
2026-03-13T14:30:00+00:00,393.84999999999985,395.34999999999985,391.6399999999999,391.67999999999984,4210
2026-03-13T15:00:00+00:00,391.67999999999984,392.01999999999987,390.34999999999985,390.6399999999999,3893
2026-03-13T15:30:00+00:00,390.6399999999999,390.96999999999986,388.22999999999985,388.30999999999983,3983
2026-03-13T16:00:00+00:00,388.30999999999983,389.5699999999999,388.23999999999984,389.26999999999987,3793
2026-03-13T16:30:00+00:00,389.26999999999987,389.48999999999984,387.72999999999985,387.83999999999986,3647
2026-03-13T17:00:00+00:00,387.83999999999986,389.59999999999985,387.82999999999987,389.34999999999985,2943
2026-03-13T17:30:00+00:00,389.34999999999985,389.57999999999987,387.97999999999985,389.39999999999986,3054
2026-03-13T18:00:00+00:00,389.39999999999986,390.16999999999985,388.32999999999987,388.84999999999985,3162
2026-03-13T18:30:00+00:00,388.84999999999985,389.40999999999985,388.42999999999984,388.57999999999987,2640
2026-03-13T19:00:00+00:00,388.57999999999987,388.6399999999999,387.32999999999987,387.35999999999984,2526
2026-03-13T19:30:00+00:00,387.35999999999984,388.59999999999985,387.20999999999987,388.1899999999998,3385
2026-03-16T13:30:00+00:00,388.1899999999998,388.1899999999998,385.49999999999983,385.79999999999984,3637.3392904192037
2026-03-16T14:00:00+00:00,385.79999999999984,391.30999999999995,385.52999999999986,390.60999999999996,3436.935877916063
2026-03-16T14:30:00+00:00,390.60999999999996,391.05999999999995,389.42999999999995,391.03999999999996,4821
2026-03-16T15:00:00+00:00,391.03999999999996,391.3299999999999,389.56999999999994,390.98999999999995,3953
2026-03-16T15:30:00+00:00,390.98999999999995,391.94999999999993,390.88999999999993,391.4599999999999,4251
2026-03-16T16:00:00+00:00,391.4599999999999,392.87999999999994,391.12999999999994,391.2099999999999,4545
2026-03-16T16:30:00+00:00,391.2099999999999,392.7199999999999,390.9099999999999,392.22999999999996,4358
2026-03-16T17:00:00+00:00,392.22999999999996,392.75999999999993,392.0199999999999,392.0999999999999,4146
2026-03-16T17:30:00+00:00,392.0999999999999,392.11999999999995,390.92999999999995,391.4699999999999,3354
2026-03-16T18:00:00+00:00,391.4699999999999,392.7799999999999,391.3999999999999,392.2099999999999,3588
2026-03-16T18:30:00+00:00,392.2099999999999,393.86999999999995,391.93999999999994,393.4099999999999,3531
2026-03-16T19:00:00+00:00,393.4099999999999,393.5199999999999,392.2699999999999,393.0899999999999,4967
2026-03-16T19:30:00+00:00,393.0899999999999,393.3499999999999,392.0199999999999,393.17999999999995,5294
2026-03-17T13:30:00+00:00,393.17999999999995,397.6499999999999,392.5999999999999,395.0799999999999,5206
2026-03-17T14:00:00+00:00,395.0799999999999,395.25999999999993,392.06999999999994,393.6499999999999,5015
2026-03-17T14:30:00+00:00,393.6499999999999,393.80999999999995,392.3999999999999,393.12999999999994,4681
2026-03-17T15:00:00+00:00,393.12999999999994,393.5299999999999,391.7099999999999,392.35999999999996,4695
2026-03-17T15:30:00+00:00,392.35999999999996,392.8399999999999,391.0299999999999,392.11999999999995,4449
2026-03-17T16:00:00+00:00,392.11999999999995,392.38999999999993,391.36999999999995,391.8299999999999,4358
2026-03-17T16:30:00+00:00,391.8299999999999,393.28999999999996,391.7699999999999,392.92999999999995,3798
2026-03-17T17:00:00+00:00,392.92999999999995,393.62999999999994,392.49999999999994,393.04999999999995,3143
2026-03-17T17:30:00+00:00,393.04999999999995,393.22999999999996,392.0999999999999,392.60999999999996,2894
2026-03-17T18:00:00+00:00,392.60999999999996,392.6499999999999,391.93999999999994,392.00999999999993,2891
2026-03-17T18:30:00+00:00,392.00999999999993,392.43999999999994,391.73999999999995,392.0899999999999,3204
2026-03-17T19:00:00+00:00,392.0899999999999,392.6499999999999,391.80999999999995,392.0999999999999,2945
2026-03-17T19:30:00+00:00,392.0999999999999,393.0299999999999,391.99999999999994,393.0299999999999,4323
2026-03-18T13:30:00+00:00,393.0299999999999,393.0299999999999,388.42999999999995,391.19999999999993,5751
2026-03-18T14:00:00+00:00,391.19999999999993,391.28999999999996,387.7199999999999,387.88999999999993,5365
2026-03-18T14:30:00+00:00,387.88999999999993,388.80999999999995,387.60999999999996,388.50999999999993,4844
2026-03-18T15:00:00+00:00,388.50999999999993,389.29999999999995,388.31999999999994,389.00999999999993,5483
2026-03-18T15:30:00+00:00,389.00999999999993,389.41999999999996,388.17999999999995,388.23999999999995,4233
2026-03-18T16:00:00+00:00,388.23999999999995,388.42999999999995,386.9699999999999,387.0899999999999,4205
2026-03-18T16:30:00+00:00,387.0899999999999,387.2699999999999,386.19999999999993,386.69999999999993,4309
2026-03-18T17:00:00+00:00,386.69999999999993,386.7199999999999,385.69999999999993,386.00999999999993,3778
2026-03-18T17:30:00+00:00,386.00999999999993,388.0299999999999,385.80999999999995,387.6499999999999,3913
2026-03-18T18:00:00+00:00,387.6499999999999,388.2799999999999,386.3299999999999,386.8999999999999,4269
2026-03-18T18:30:00+00:00,386.8999999999999,387.0799999999999,384.99999999999994,385.19999999999993,5903
2026-03-18T19:00:00+00:00,385.19999999999993,386.12999999999994,385.0999999999999,385.5899999999999,5462
2026-03-18T19:30:00+00:00,385.5899999999999,385.74999999999994,384.29999999999995,384.91999999999996,5590
2026-03-19T13:30:00+00:00,384.91999999999996,385.74999999999994,381.29999999999995,383.31999999999994,5291
2026-03-19T14:00:00+00:00,383.31999999999994,384.35999999999996,381.5999999999999,381.99999999999994,5078
2026-03-19T14:30:00+00:00,381.99999999999994,383.68999999999994,381.91999999999996,383.31999999999994,4614
2026-03-19T15:00:00+00:00,383.31999999999994,384.48999999999995,382.25999999999993,382.55999999999995,3941
2026-03-19T15:30:00+00:00,382.55999999999995,382.94999999999993,381.97999999999996,382.86999999999995,3609
2026-03-19T16:00:00+00:00,382.86999999999995,383.3999999999999,382.18999999999994,382.22999999999996,4038
2026-03-19T16:30:00+00:00,382.22999999999996,382.48999999999995,381.50999999999993,381.7199999999999,3111
2026-03-19T17:00:00+00:00,381.7199999999999,381.8999999999999,380.80999999999995,381.2199999999999,3305
2026-03-19T17:30:00+00:00,381.2199999999999,381.61999999999995,380.78999999999996,381.1599999999999,2801
2026-03-19T18:00:00+00:00,381.1599999999999,381.7699999999999,380.8499999999999,380.91999999999996,3421
2026-03-19T18:30:00+00:00,380.91999999999996,381.93999999999994,380.35999999999996,381.5199999999999,3247
2026-03-19T19:00:00+00:00,381.5199999999999,383.62999999999994,381.36999999999995,381.63999999999993,4603
2026-03-19T19:30:00+00:00,381.63999999999993,382.73999999999995,381.06999999999994,382.06999999999994,4852
2026-03-20T13:30:00+00:00,382.06999999999994,382.06999999999994,375.67999999999995,375.9699999999999,6037
2026-03-20T14:00:00+00:00,375.9699999999999,378.9699999999999,375.54999999999995,378.87999999999994,5252
2026-03-20T14:30:00+00:00,378.87999999999994,379.1499999999999,377.3499999999999,377.55999999999995,4671
2026-03-20T15:00:00+00:00,377.55999999999995,378.1599999999999,375.91999999999996,376.67999999999995,4729
2026-03-20T15:30:00+00:00,376.67999999999995,377.73999999999995,376.47999999999996,377.5299999999999,3949
2026-03-20T16:00:00+00:00,377.5299999999999,378.60999999999996,377.3999999999999,377.86999999999995,3477
2026-03-20T16:30:00+00:00,377.86999999999995,377.92999999999995,376.41999999999996,376.74999999999994,3329
2026-03-20T17:00:00+00:00,376.74999999999994,377.10999999999996,376.11999999999995,376.61999999999995,3552
2026-03-20T17:30:00+00:00,376.61999999999995,376.8499999999999,375.61999999999995,376.3999999999999,3137
2026-03-20T18:00:00+00:00,376.3999999999999,376.85999999999996,375.3299999999999,375.75999999999993,3528
2026-03-20T18:30:00+00:00,375.75999999999993,375.79999999999995,374.69999999999993,375.11999999999995,3389
2026-03-20T19:00:00+00:00,375.11999999999995,375.47999999999996,374.5999999999999,375.36999999999995,3463
2026-03-20T19:30:00+00:00,375.36999999999995,375.6599999999999,373.4099999999999,375.0999999999999,5136
2026-03-23T13:30:00+00:00,375.0999999999999,378.7499999999999,374.85999999999996,376.95,4202.302300400477
2026-03-23T14:00:00+00:00,376.95,382.2,376.49999999999994,380.58,5129.024382817945
2026-03-23T14:30:00+00:00,380.58,381.03,380.06,380.71,4702
2026-03-23T15:00:00+00:00,380.71,382.27,380.34,381.81,4490
2026-03-23T15:30:00+00:00,381.81,382,377.64,378.49,5117
2026-03-23T16:00:00+00:00,378.49,380.09,377.45,377.46,5264
2026-03-23T16:30:00+00:00,377.46,378.68,377.39,377.6,4218
2026-03-23T17:00:00+00:00,377.6,378.31,376.79,377.42,4151
2026-03-23T17:30:00+00:00,377.42,379.12,377.32,378.24,3726
2026-03-23T18:00:00+00:00,378.24,378.59,377.38,377.5,3703
2026-03-23T18:30:00+00:00,377.5,378.71,377.46,378.40999999999997,3530
2026-03-23T19:00:00+00:00,378.40999999999997,378.54,377.69,378.06,2836
2026-03-23T19:30:00+00:00,378.06,379.18,377.69,378.33,4557
2026-03-24T13:30:00+00:00,378.33,378.33,370.32,370.54,6365
2026-03-24T14:00:00+00:00,370.54,371.24,367.52,367.9,7272
2026-03-24T14:30:00+00:00,367.9,371.23,367.38,368.21,6493
2026-03-24T15:00:00+00:00,368.21,369.45,368.12,368.56,5048
2026-03-24T15:30:00+00:00,368.56,369.34,367.73,367.76,4048
2026-03-24T16:00:00+00:00,367.76,369.19,367.24,368.96,3965
2026-03-24T16:30:00+00:00,368.96,369.32,367.79,368.71999999999997,3621
2026-03-24T17:00:00+00:00,368.71999999999997,368.86,366.94,367.85,4180
2026-03-24T17:30:00+00:00,367.85,368.69,367.49,368.28,3878
2026-03-24T18:00:00+00:00,368.28,369.3,368.17,369.02,3732
2026-03-24T18:30:00+00:00,369.02,370.54,368.29,368.55,3902
2026-03-24T19:00:00+00:00,368.55,369.69,368.53,369.07,3320
2026-03-24T19:30:00+00:00,369.07,369.34,367.11,367.71,5248
2026-03-25T13:30:00+00:00,367.71,371.85,367.71,368.46999999999997,5080
2026-03-25T14:00:00+00:00,368.46999999999997,369.46,367.74,368.85,4888
2026-03-25T14:30:00+00:00,368.85,369.27,367.81,368.31,4310
2026-03-25T15:00:00+00:00,368.31,368.54,364.83,366.51,4451
2026-03-25T15:30:00+00:00,366.51,366.65999999999997,365.07,365.5,3852
2026-03-25T16:00:00+00:00,365.5,366.21999999999997,365.07,365.94,3791
2026-03-25T16:30:00+00:00,365.94,366.65999999999997,365.76,366.11,2602
2026-03-25T17:00:00+00:00,366.11,366.75,365.52,366.44,2829
2026-03-25T17:30:00+00:00,366.44,366.57,365.62,366.1,2999
2026-03-25T18:00:00+00:00,366.1,366.19,365.09,365.13,2506
2026-03-25T18:30:00+00:00,365.13,365.65,364.73,365.37,2921
2026-03-25T19:00:00+00:00,365.37,365.83,364.74,365.49,2404
2026-03-25T19:30:00+00:00,365.49,366.42,365.13,366.07,3476
2026-03-26T13:30:00+00:00,366.07,368.89,364.37,368.71999999999997,5442
2026-03-26T14:00:00+00:00,368.71999999999997,369.8,366.82,367.03,4709
2026-03-26T14:30:00+00:00,367.03,367.46,365.61,366.35,5287
2026-03-26T15:00:00+00:00,366.35,366.64,364.69,365.08,4206
2026-03-26T15:30:00+00:00,365.08,365.17,362.85,363.08,4627
2026-03-26T16:00:00+00:00,363.08,363.46999999999997,362.15999999999997,362.52,3338
2026-03-26T16:30:00+00:00,362.52,363.65999999999997,362.13,363.26,3335
2026-03-26T17:00:00+00:00,363.26,363.61,362.81,363.51,3357
2026-03-26T17:30:00+00:00,363.51,363.75,361.65999999999997,361.96999999999997,3307
2026-03-26T18:00:00+00:00,361.96999999999997,362.53,361.5,361.51,3005
2026-03-26T18:30:00+00:00,361.51,361.81,361.11,361.75,3317
2026-03-26T19:00:00+00:00,361.75,361.87,360.32,360.68,3177
2026-03-26T19:30:00+00:00,360.68,361.45,360.3,360.96,5528
2026-03-27T13:30:00+00:00,360.96,360.96,352.54,352.55,8262
2026-03-27T14:00:00+00:00,352.55,353.64,351.69,353.38,8090
2026-03-27T14:30:00+00:00,353.38,355.52,353.36,354.96,6887
2026-03-27T15:00:00+00:00,354.96,355.90999999999997,354.39,355.42,6389
2026-03-27T15:30:00+00:00,355.42,356.06,354.21,355.31,5701
2026-03-27T16:00:00+00:00,355.31,355.8,354.81,355.08,4951
2026-03-27T16:30:00+00:00,355.08,355.21999999999997,354.3,354.79,4515
2026-03-27T17:00:00+00:00,354.79,355.15,353.84,354.04,5039
2026-03-27T17:30:00+00:00,354.04,354.53,353.52000000000004,353.91,4372.969102501226
2026-03-27T18:00:00+00:00,353.91,354.07000000000005,353.27000000000004,353.8,4225
2026-03-27T18:30:00+00:00,353.8,354.39000000000004,352.63000000000005,352.85,4103
2026-03-27T19:00:00+00:00,352.85,353.07000000000005,351.96000000000004,352.55,4106
2026-03-27T19:30:00+00:00,352.55,352.89000000000004,351.58000000000004,351.89000000000004,5699
2026-03-30T13:30:00+00:00,351.89000000000004,354.81,348.40000000000003,354.05,6316.148640392001
2026-03-30T14:00:00+00:00,354.05,356.15000000000003,353.24,355.97,6634
2026-03-30T14:30:00+00:00,355.97,358.81,355.89,358.44,7920
2026-03-30T15:00:00+00:00,358.44,358.83,356.16,356.51,6071
2026-03-30T15:30:00+00:00,356.51,358.7,356.25,357.19,4949
2026-03-30T16:00:00+00:00,357.19,357.27000000000004,355.52000000000004,355.54,4342
2026-03-30T16:30:00+00:00,355.54,355.8,354.38,354.85,4471
2026-03-30T17:00:00+00:00,354.85,355.27000000000004,352.63,353.22,4507
2026-03-30T17:30:00+00:00,353.22,353.52000000000004,351.63,352.62,4226
2026-03-30T18:00:00+00:00,352.62,352.93,351.34000000000003,351.40000000000003,4729
2026-03-30T18:30:00+00:00,351.40000000000003,353.69,350.37,350.8,4616
2026-03-30T19:00:00+00:00,350.8,351.04,349.79,350.38,5050
2026-03-30T19:30:00+00:00,350.38,353.12,350.25,352.61,6302
2026-03-31T13:30:00+00:00,352.61,361.63,352.61,360.54,7222
2026-03-31T14:00:00+00:00,360.54,360.97,358.87,358.97,6554
2026-03-31T14:30:00+00:00,358.97,359.06,356.59000000000003,357,5879
2026-03-31T15:00:00+00:00,357,358.38,356.6,357.7,5377
2026-03-31T15:30:00+00:00,357.7,358.29,357.09000000000003,357.39,4837
2026-03-31T16:00:00+00:00,357.39,358.63,357.21000000000004,358.56,4398
2026-03-31T16:30:00+00:00,358.56,361.56,357.78000000000003,361.46000000000004,7839
2026-03-31T17:00:00+00:00,361.46000000000004,364.07,361.43,362.35,8938
2026-03-31T17:30:00+00:00,362.35,363.63,361.56,361.84000000000003,6162
2026-03-31T18:00:00+00:00,361.84000000000003,363.58,361.83,363.3,5079
2026-03-31T18:30:00+00:00,363.3,364.3,362.93,364.05,5021
2026-03-31T19:00:00+00:00,364.05,365.2,363.77000000000004,364.61,4984
2026-03-31T19:30:00+00:00,364.61,366.3,363.18,363.43,7625
2026-04-01T13:30:00+00:00,363.43,366.66,361.73,363.09000000000003,7455
2026-04-01T14:00:00+00:00,363.09000000000003,365.54,362.91,364.97,6815
2026-04-01T14:30:00+00:00,364.97,365.72,363.69,365.28000000000003,5587
2026-04-01T15:00:00+00:00,365.28000000000003,366,364.52000000000004,364.77000000000004,4819
2026-04-01T15:30:00+00:00,364.77000000000004,365.98,364.25,365.72,3948
2026-04-01T16:00:00+00:00,365.72,366.34000000000003,365.46000000000004,366.11,3752
2026-04-01T16:30:00+00:00,366.11,366.41,365.54,365.99,3040
2026-04-01T17:00:00+00:00,365.99,366.36,365.38,365.43,2917
2026-04-01T17:30:00+00:00,365.43,365.54,364.23,364.29,3173
2026-04-01T18:00:00+00:00,364.29,364.36,362.45,362.59000000000003,5601
2026-04-01T18:30:00+00:00,362.59000000000003,363.2,362.24,362.77000000000004,4855
2026-04-01T19:00:00+00:00,362.77000000000004,363.42,362.40000000000003,362.76,4275
2026-04-01T19:30:00+00:00,362.76,363.27000000000004,362.38,362.92,5537
2026-04-02T13:30:00+00:00,362.92,362.92,357.67,359.40000000000003,6080
2026-04-02T14:00:00+00:00,359.40000000000003,360.59000000000003,358.56,360.19,6249
2026-04-02T14:30:00+00:00,360.19,364.56,360.03000000000003,363.51000000000005,6066.433806451612
2026-04-02T15:00:00+00:00,363.51000000000005,364.7900000000001,362.9700000000001,364.37000000000006,6050
2026-04-02T15:30:00+00:00,364.37000000000006,364.86000000000007,363.1000000000001,363.88000000000005,5091
2026-04-02T16:00:00+00:00,363.88000000000005,364.08000000000004,362.9700000000001,363.31000000000006,4811
2026-04-02T16:30:00+00:00,363.31000000000006,365.25000000000006,363.0400000000001,364.64000000000004,3845
2026-04-02T17:00:00+00:00,364.64000000000004,365.46000000000004,364.0400000000001,365.18000000000006,3926
2026-04-02T17:30:00+00:00,365.18000000000006,365.4200000000001,364.1000000000001,364.40000000000003,3938
2026-04-02T18:00:00+00:00,364.40000000000003,365.24000000000007,364.40000000000003,364.58000000000004,3916
2026-04-02T18:30:00+00:00,364.58000000000004,365.30000000000007,364.50000000000006,364.89000000000004,3558
2026-04-02T19:00:00+00:00,364.89000000000004,366.7200000000001,364.20000000000005,365.93000000000006,3128
2026-04-02T19:30:00+00:00,365.93000000000006,367.1700000000001,365.61000000000007,366.93000000000006,4038
2026-04-06T13:30:00+00:00,366.93000000000006,367.0900000000001,363.1000000000001,366.68000000000006,6827
2026-04-06T14:00:00+00:00,366.68000000000006,367.0300000000001,365.26000000000005,366.1600000000001,5853
2026-04-06T14:30:00+00:00,366.1600000000001,366.49000000000007,364.7200000000001,365.58000000000004,4097
2026-04-06T15:00:00+00:00,365.58000000000004,366.21000000000004,364.90000000000003,364.96000000000004,3201
2026-04-06T15:30:00+00:00,364.96000000000004,365.38000000000005,364.43000000000006,365.14000000000004,2231
2026-04-06T16:00:00+00:00,365.14000000000004,365.6600000000001,364.80000000000007,365.61000000000007,1959
2026-04-06T16:30:00+00:00,365.61000000000007,366.55000000000007,365.40000000000003,365.74000000000007,1958
2026-04-06T17:00:00+00:00,365.74000000000007,365.88000000000005,364.2800000000001,365.86000000000007,2865
2026-04-06T17:30:00+00:00,365.86000000000007,366.25000000000006,365.20000000000005,365.21000000000004,2526
2026-04-06T18:00:00+00:00,365.21000000000004,367.20000000000005,365.06000000000006,366.49000000000007,2659
2026-04-06T18:30:00+00:00,366.49000000000007,366.87000000000006,365.8500000000001,366.07000000000005,1837
2026-04-06T19:00:00+00:00,366.07000000000005,366.38000000000005,365.70000000000005,365.95000000000005,1851
2026-04-06T19:30:00+00:00,365.95000000000005,366.61000000000007,365.3500000000001,366.27000000000004,2724
2026-04-07T13:30:00+00:00,366.27000000000004,366.27000000000004,363.26000000000005,363.2800000000001,7452
2026-04-07T14:00:00+00:00,363.2800000000001,363.4200000000001,361.46000000000004,363.2800000000001,7814
2026-04-07T14:30:00+00:00,363.2800000000001,363.56000000000006,360.9200000000001,360.93000000000006,5820
2026-04-07T15:00:00+00:00,360.93000000000006,362.32000000000005,360.14000000000004,361.64000000000004,6054
2026-04-07T15:30:00+00:00,361.64000000000004,362.9700000000001,361.46000000000004,362.81000000000006,4440
2026-04-07T16:00:00+00:00,362.81000000000006,364.39000000000004,362.80000000000007,364.21000000000004,5863
2026-04-07T16:30:00+00:00,364.21000000000004,364.7200000000001,363.7800000000001,364.27000000000004,3850
2026-04-07T17:00:00+00:00,364.27000000000004,364.69000000000005,363.64000000000004,363.88000000000005,3544
2026-04-07T17:30:00+00:00,363.88000000000005,365.33000000000004,363.88000000000005,364.40000000000003,3529
2026-04-07T18:00:00+00:00,364.40000000000003,364.81000000000006,363.62000000000006,363.82000000000005,3174
2026-04-07T18:30:00+00:00,363.82000000000005,364.02000000000004,362.25000000000006,362.52000000000004,3668
2026-04-07T19:00:00+00:00,362.52000000000004,365.15000000000003,362.31000000000006,364.4200000000001,6440
2026-04-07T19:30:00+00:00,364.4200000000001,366.05000000000007,363.80000000000007,365.70000000000005,6913
2026-04-08T13:30:00+00:00,365.70000000000005,378.46000000000004,365.70000000000005,372.62000000000006,9030
2026-04-08T14:00:00+00:00,372.62000000000006,373.14000000000004,371.89000000000004,372.2800000000001,7108
2026-04-08T14:30:00+00:00,372.2800000000001,372.9800000000001,370.5400000000001,371.80000000000007,6314.709008425146
2026-04-08T15:00:00+00:00,371.80000000000007,372.0900000000001,370.57000000000005,371.01000000000005,4707
2026-04-08T15:30:00+00:00,371.01000000000005,372.39000000000004,370.69000000000005,372.11000000000007,3737
2026-04-08T16:00:00+00:00,372.11000000000007,372.5800000000001,371.24000000000007,371.6000000000001,3231
2026-04-08T16:30:00+00:00,371.6000000000001,372.37000000000006,371.4600000000001,371.99000000000007,3030
2026-04-08T17:00:00+00:00,371.99000000000007,372.26000000000005,370.05000000000007,370.3300000000001,3273
2026-04-08T17:30:00+00:00,370.3300000000001,370.5300000000001,368.69000000000005,369.3400000000001,4125
2026-04-08T18:00:00+00:00,369.3400000000001,369.7800000000001,367.4600000000001,367.9600000000001,5102
2026-04-08T18:30:00+00:00,367.9600000000001,368.07000000000005,365.70000000000005,365.86000000000007,4362
2026-04-08T19:00:00+00:00,365.86000000000007,366.25000000000006,364.99000000000007,365.01000000000005,5233
2026-04-08T19:30:00+00:00,365.01000000000005,367.9800000000001,365.00000000000006,367.8400000000001,5830
2026-04-09T13:30:00+00:00,367.8400000000001,367.8400000000001,361.2200000000001,361.82000000000005,5460
2026-04-09T14:00:00+00:00,361.82000000000005,362.14000000000004,360.64000000000004,360.9800000000001,4705
2026-04-09T14:30:00+00:00,360.9800000000001,361.7300000000001,360.64000000000004,361.70000000000005,3807
2026-04-09T15:00:00+00:00,361.70000000000005,363.4000000000001,361.2900000000001,362.43000000000006,3786
2026-04-09T15:30:00+00:00,362.43000000000006,363.9700000000001,361.9700000000001,363.75000000000006,3553
2026-04-09T16:00:00+00:00,363.75000000000006,365.56000000000006,363.74000000000007,364.88000000000005,3212
2026-04-09T16:30:00+00:00,364.88000000000005,365.87000000000006,364.5900000000001,365.5200000000001,2740
2026-04-09T17:00:00+00:00,365.5200000000001,366.50000000000006,365.4000000000001,365.4000000000001,2665
2026-04-09T17:30:00+00:00,365.4000000000001,366.39000000000004,364.74000000000007,365.43000000000006,2476
2026-04-09T18:00:00+00:00,365.43000000000006,365.56000000000006,362.43000000000006,363.13000000000005,3411
2026-04-09T18:30:00+00:00,363.13000000000005,364.14000000000004,363.01000000000005,364.06000000000006,2327
2026-04-09T19:00:00+00:00,364.06000000000006,365.9700000000001,363.95000000000005,365.8500000000001,2210
2026-04-09T19:30:00+00:00,365.8500000000001,366.95000000000005,365.5900000000001,366.80000000000007,3238
2026-04-10T13:30:00+00:00,366.80000000000007,369.1600000000001,364.68000000000006,366.4800000000001,4903
2026-04-10T14:00:00+00:00,366.4800000000001,367.7200000000001,365.2100000000001,366.51000000000005,4243
2026-04-10T14:30:00+00:00,366.51000000000005,367.87000000000006,365.25000000000006,365.8600000000001,3837.118572632762
2026-04-10T15:00:00+00:00,365.8600000000001,366.8300000000001,365.5000000000001,365.7100000000001,3426
2026-04-10T15:30:00+00:00,365.7100000000001,365.8100000000001,363.7400000000001,364.2600000000001,3562
2026-04-10T16:00:00+00:00,364.2600000000001,366.0000000000001,364.1100000000001,365.7600000000001,2568
2026-04-10T16:30:00+00:00,365.7600000000001,365.79000000000013,364.5000000000001,364.9500000000001,2428
2026-04-10T17:00:00+00:00,364.9500000000001,365.10000000000014,364.4600000000001,364.4600000000001,2065
2026-04-10T17:30:00+00:00,364.4600000000001,364.72000000000014,363.91000000000014,364.7100000000001,2071
2026-04-10T18:00:00+00:00,364.7100000000001,364.7700000000001,363.6100000000001,363.9300000000001,2272
2026-04-10T18:30:00+00:00,363.9300000000001,364.6100000000001,363.6500000000001,364.6100000000001,1872
2026-04-10T19:00:00+00:00,364.6100000000001,365.3600000000001,364.5500000000001,365.09000000000015,2059
2026-04-10T19:30:00+00:00,365.09000000000015,365.29000000000013,364.1200000000001,364.3600000000001,2958
2026-04-13T13:30:00+00:00,364.3600000000001,367.20000000000016,362.76000000000016,367.07000000000016,6161.007057730994
2026-04-13T14:00:00+00:00,367.07000000000016,370.58000000000015,367.0600000000002,370.16000000000014,7701
2026-04-13T14:30:00+00:00,370.16000000000014,372.29000000000013,368.64000000000016,371.9900000000001,4912
2026-04-13T15:00:00+00:00,371.9900000000001,373.23000000000013,370.85000000000014,373.0600000000002,4612
2026-04-13T15:30:00+00:00,373.0600000000002,373.78000000000014,372.4300000000002,372.5500000000001,3983
2026-04-13T16:00:00+00:00,372.5500000000001,374.2400000000001,371.97000000000014,374.0500000000001,3883
2026-04-13T16:30:00+00:00,374.0500000000001,374.52000000000015,372.73000000000013,373.79000000000013,4488
2026-04-13T17:00:00+00:00,373.79000000000013,374.50000000000017,373.44000000000017,374.3700000000002,2535
2026-04-13T17:30:00+00:00,374.3700000000002,374.67000000000013,373.89000000000016,374.65000000000015,2696
2026-04-13T18:00:00+00:00,374.65000000000015,375.00000000000017,374.26000000000016,374.47000000000014,2605
2026-04-13T18:30:00+00:00,374.47000000000014,375.26000000000016,374.45000000000016,375.19000000000017,2534
2026-04-13T19:00:00+00:00,375.19000000000017,375.3700000000002,374.39000000000016,375.01000000000016,2509
2026-04-13T19:30:00+00:00,375.01000000000016,377.28000000000014,374.94000000000017,377.0600000000002,4439
2026-04-14T13:30:00+00:00,377.0600000000002,387.10000000000014,377.0600000000002,382.6200000000002,9297
2026-04-14T14:00:00+00:00,382.6200000000002,385.5500000000001,382.44000000000017,385.20000000000016,6461
2026-04-14T14:30:00+00:00,385.20000000000016,386.2400000000001,384.00000000000017,384.32000000000016,5444
2026-04-14T15:00:00+00:00,384.32000000000016,384.76000000000016,383.09000000000015,384.33000000000015,4883
2026-04-14T15:30:00+00:00,384.33000000000015,386.5600000000002,384.32000000000016,386.28000000000014,4180
2026-04-14T16:00:00+00:00,386.28000000000014,387.29000000000013,386.13000000000017,387.01000000000016,3340
2026-04-14T16:30:00+00:00,387.01000000000016,387.20000000000016,386.09000000000015,387.03000000000014,3393
2026-04-14T17:00:00+00:00,387.03000000000014,387.32000000000016,386.52000000000015,386.84000000000015,2801
2026-04-14T17:30:00+00:00,386.84000000000015,387.3600000000001,385.2400000000001,385.5600000000002,3000
2026-04-14T18:00:00+00:00,385.5600000000002,385.65000000000015,383.02000000000015,383.95000000000016,4373
2026-04-14T18:30:00+00:00,383.95000000000016,384.96000000000015,383.6100000000001,383.91000000000014,2982
2026-04-14T19:00:00+00:00,383.91000000000014,385.1200000000002,383.83000000000015,384.98000000000013,2652
2026-04-14T19:30:00+00:00,384.98000000000013,386.04000000000013,384.82000000000016,385.53000000000014,5314
2026-04-15T13:30:00+00:00,385.53000000000014,396.5500000000001,385.53000000000014,395.28000000000014,7416
2026-04-15T14:00:00+00:00,395.28000000000014,399.54000000000013,395.21000000000015,398.6800000000002,6433
2026-04-15T14:30:00+00:00,398.6800000000002,400.4900000000002,398.1100000000001,400.3100000000002,5126.138420585626
2026-04-15T15:00:00+00:00,400.3100000000002,401.5500000000002,399.3300000000002,400.6100000000002,5022
2026-04-15T15:30:00+00:00,400.6100000000002,400.6200000000002,399.3100000000002,399.8500000000002,3908
2026-04-15T16:00:00+00:00,399.8500000000002,402.1600000000002,399.5100000000002,401.8100000000002,3516
2026-04-15T16:30:00+00:00,401.8100000000002,401.9400000000002,400.1500000000002,400.6600000000002,4699
2026-04-15T17:00:00+00:00,400.6600000000002,402.5900000000002,400.6000000000002,402.4400000000002,3115
2026-04-15T17:30:00+00:00,402.4400000000002,403.1100000000002,401.8800000000002,402.7400000000002,3222
2026-04-15T18:00:00+00:00,402.7400000000002,405.3700000000002,402.4800000000002,405.1100000000002,4024
2026-04-15T18:30:00+00:00,405.1100000000002,407.0400000000002,405.1100000000002,406.4600000000002,4148
2026-04-15T19:00:00+00:00,406.4600000000002,406.4700000000002,405.3100000000002,405.8900000000002,3561
2026-04-15T19:30:00+00:00,405.8900000000002,405.9200000000002,403.4100000000002,403.8800000000002,5299
2026-04-16T13:30:00+00:00,403.8800000000002,412.6700000000002,403.8800000000002,405.9500000000002,9112
2026-04-16T14:00:00+00:00,405.9500000000002,407.7200000000002,404.8200000000002,407.5500000000002,6778
2026-04-16T14:30:00+00:00,407.5500000000002,408.5500000000002,407.1100000000002,407.5900000000002,5245
2026-04-16T15:00:00+00:00,407.5900000000002,410.7800000000002,406.5500000000002,409.2100000000002,5043
2026-04-16T15:30:00+00:00,409.2100000000002,412.2200000000002,408.9200000000002,412.0900000000002,4762
2026-04-16T16:00:00+00:00,412.0900000000002,413.2300000000002,411.7300000000002,412.00000000000017,3831
2026-04-16T16:30:00+00:00,412.00000000000017,412.7100000000002,410.4500000000002,411.3800000000002,4362
2026-04-16T17:00:00+00:00,411.3800000000002,412.0500000000002,410.4500000000002,411.7600000000002,4096
2026-04-16T17:30:00+00:00,411.7600000000002,412.7200000000002,411.5200000000002,412.2000000000002,2979
2026-04-16T18:00:00+00:00,412.2000000000002,412.4000000000002,409.7000000000002,410.1100000000002,4120
2026-04-16T18:30:00+00:00,410.1100000000002,412.3600000000002,410.1000000000002,411.9100000000002,3216
2026-04-16T19:00:00+00:00,411.9100000000002,412.1100000000002,410.4000000000002,411.0500000000002,2851
2026-04-16T19:30:00+00:00,411.0500000000002,413.4700000000002,410.7300000000002,412.8300000000002,3672
2026-04-17T13:30:00+00:00,412.8300000000002,418.8600000000002,412.8300000000002,417.3800000000002,8204
2026-04-17T14:00:00+00:00,417.3800000000002,418.8700000000002,416.3000000000002,418.4700000000002,7071
2026-04-17T14:30:00+00:00,418.4700000000002,423.03000000000014,418.4700000000002,422.7400000000002,6575.578257517348
2026-04-17T15:00:00+00:00,422.7400000000002,424.2800000000002,422.3100000000002,423.0200000000002,6609
2026-04-17T15:30:00+00:00,423.0200000000002,423.4100000000002,420.3500000000002,420.9100000000002,6185
2026-04-17T16:00:00+00:00,420.9100000000002,421.63000000000017,419.8100000000002,421.3000000000002,5005
2026-04-17T16:30:00+00:00,421.3000000000002,422.1500000000002,419.57000000000016,419.7300000000002,3995
2026-04-17T17:00:00+00:00,419.7300000000002,419.8300000000002,416.01000000000016,416.5500000000002,5851
2026-04-17T17:30:00+00:00,416.5500000000002,417.9500000000002,416.3700000000002,417.2700000000002,3789
2026-04-17T18:00:00+00:00,417.2700000000002,417.4700000000002,413.4100000000002,413.6500000000002,4726
2026-04-17T18:30:00+00:00,413.6500000000002,415.3100000000002,413.6100000000002,414.38000000000017,3735
2026-04-17T19:00:00+00:00,414.38000000000017,415.69000000000017,414.0300000000002,415.3100000000002,3131
2026-04-17T19:30:00+00:00,415.3100000000002,416.26000000000016,414.8400000000002,415.38000000000017,3970
2026-04-20T13:30:00+00:00,415.38000000000017,417.83000000000015,409.60000000000014,412.9300000000002,5569.545404805446
2026-04-20T14:00:00+00:00,412.9300000000002,415.25000000000017,411.79000000000013,411.95000000000016,5958
2026-04-20T14:30:00+00:00,411.95000000000016,412.15000000000015,410.26000000000016,410.5500000000002,5325
2026-04-20T15:00:00+00:00,410.5500000000002,411.10000000000014,408.79000000000013,410.46000000000015,5092
2026-04-20T15:30:00+00:00,410.46000000000015,410.46000000000015,409.10000000000014,409.97000000000014,3734
2026-04-20T16:00:00+00:00,409.97000000000014,411.39000000000016,409.82000000000016,411.35000000000014,3307
2026-04-20T16:30:00+00:00,411.35000000000014,412.01000000000016,411.0600000000002,411.19000000000017,2887
2026-04-20T17:00:00+00:00,411.19000000000017,412.65000000000015,411.00000000000017,411.66000000000014,2818
2026-04-20T17:30:00+00:00,411.66000000000014,411.6700000000002,410.69000000000017,410.88000000000017,2606
2026-04-20T18:00:00+00:00,410.88000000000017,411.54000000000013,410.3100000000002,411.02000000000015,2780
2026-04-20T18:30:00+00:00,411.02000000000015,411.13000000000017,409.20000000000016,409.39000000000016,2824
2026-04-20T19:00:00+00:00,409.39000000000016,410.45000000000016,409.39000000000016,409.8000000000002,2602
2026-04-20T19:30:00+00:00,409.8000000000002,410.65000000000015,409.29000000000013,410.4800000000002,4190
2026-04-21T13:30:00+00:00,410.4800000000002,416.40000000000015,409.69000000000017,416.38000000000017,5664
2026-04-21T14:00:00+00:00,416.38000000000017,417.85000000000014,415.28000000000014,417.59000000000015,4263
2026-04-21T14:30:00+00:00,417.59000000000015,419.6100000000002,416.6800000000002,416.70000000000016,4418
2026-04-21T15:00:00+00:00,416.70000000000016,418.8700000000002,415.39000000000016,417.07000000000016,3915
2026-04-21T15:30:00+00:00,417.07000000000016,418.64000000000016,416.8100000000002,418.5500000000002,2536
2026-04-21T16:00:00+00:00,418.5500000000002,419.4200000000002,417.00000000000017,417.34000000000015,3126
2026-04-21T16:30:00+00:00,417.34000000000015,418.96000000000015,417.2400000000002,417.4300000000002,2684
2026-04-21T17:00:00+00:00,417.4300000000002,418.22000000000014,415.85000000000014,417.2400000000002,3292
2026-04-21T17:30:00+00:00,417.2400000000002,419.27000000000015,417.1700000000002,418.66000000000014,3084
2026-04-21T18:00:00+00:00,418.66000000000014,419.38000000000017,417.54000000000013,418.27000000000015,2636
2026-04-21T18:30:00+00:00,418.27000000000015,419.1100000000002,417.7400000000002,418.9300000000002,2531
2026-04-21T19:00:00+00:00,418.9300000000002,419.66000000000014,418.53000000000014,418.95000000000016,2773
2026-04-21T19:30:00+00:00,418.95000000000016,419.0500000000002,415.79000000000013,416.89000000000016,4703
2026-04-22T13:30:00+00:00,416.89000000000016,421.63000000000017,416.1700000000002,420.54000000000013,5104
2026-04-22T14:00:00+00:00,420.54000000000013,423.77000000000015,420.52000000000015,423.6100000000002,4499
2026-04-22T14:30:00+00:00,423.6100000000002,424.20000000000016,421.9900000000002,422.8100000000002,3746.4536491852664
2026-04-22T15:00:00+00:00,422.8100000000002,424.6800000000002,422.1500000000002,424.5400000000002,3074
2026-04-22T15:30:00+00:00,424.5400000000002,425.5500000000002,423.9500000000002,424.00000000000017,2800
2026-04-22T16:00:00+00:00,424.00000000000017,424.9100000000002,423.7600000000002,424.0900000000002,2195
2026-04-22T16:30:00+00:00,424.0900000000002,424.6100000000002,422.7000000000002,422.9600000000002,2287
2026-04-22T17:00:00+00:00,422.9600000000002,424.4800000000002,422.9500000000002,423.6200000000002,2134
2026-04-22T17:30:00+00:00,423.6200000000002,424.3400000000002,423.3400000000002,423.5600000000002,1934
2026-04-22T18:00:00+00:00,423.5600000000002,424.0100000000002,422.9900000000002,423.1500000000002,1946
2026-04-22T18:30:00+00:00,423.1500000000002,424.5700000000002,422.9900000000002,423.6400000000002,1812
2026-04-22T19:00:00+00:00,423.6400000000002,424.4900000000002,423.5700000000002,424.2000000000002,1693
2026-04-22T19:30:00+00:00,424.2000000000002,425.7100000000002,424.1500000000002,424.9900000000002,3338
2026-04-23T13:30:00+00:00,424.9900000000002,424.9900000000002,409.6200000000002,409.75000000000017,6435
2026-04-23T14:00:00+00:00,409.75000000000017,412.0300000000002,408.1400000000002,411.19000000000017,5374
2026-04-23T14:30:00+00:00,411.19000000000017,414.1700000000002,410.7000000000002,413.9200000000002,3861
2026-04-23T15:00:00+00:00,413.9200000000002,415.7600000000002,413.2100000000002,414.8600000000002,3345
2026-04-23T15:30:00+00:00,414.8600000000002,415.3300000000002,410.8200000000002,411.6100000000002,3288
2026-04-23T16:00:00+00:00,411.6100000000002,412.0200000000002,410.2000000000002,410.2400000000002,3008
2026-04-23T16:30:00+00:00,410.2400000000002,410.4100000000002,409.1600000000002,410.0900000000002,2858
2026-04-23T17:00:00+00:00,410.0900000000002,410.3000000000002,406.8500000000002,407.5700000000002,4045
2026-04-23T17:30:00+00:00,407.5700000000002,408.1400000000002,403.7900000000002,406.8500000000002,4383
2026-04-23T18:00:00+00:00,406.8500000000002,407.7600000000002,406.6000000000002,407.4700000000002,3365
2026-04-23T18:30:00+00:00,407.4700000000002,408.3700000000002,406.5300000000002,406.6700000000002,2713
2026-04-23T19:00:00+00:00,406.6700000000002,409.0600000000002,406.6100000000002,408.6500000000002,2184
2026-04-23T19:30:00+00:00,408.6500000000002,409.0200000000002,407.3900000000002,407.9500000000002,3810
2026-04-24T13:30:00+00:00,407.9500000000002,413.9800000000002,407.9500000000002,411.94000000000017,3457
2026-04-24T14:00:00+00:00,411.94000000000017,411.9700000000002,409.6500000000002,409.8400000000002,2873
2026-04-24T14:30:00+00:00,409.8400000000002,411.3900000000002,409.6000000000002,410.7100000000002,3052.9118099470174
2026-04-24T15:00:00+00:00,410.7100000000002,412.41000000000025,410.61000000000024,412.29000000000025,2987
2026-04-24T15:30:00+00:00,412.29000000000025,414.3200000000002,411.93000000000023,412.0100000000002,3048
2026-04-24T16:00:00+00:00,412.0100000000002,412.04000000000025,410.66000000000025,411.12000000000023,2531
2026-04-24T16:30:00+00:00,411.12000000000023,412.18000000000023,411.12000000000023,412.15000000000026,1931
2026-04-24T17:00:00+00:00,412.15000000000026,412.31000000000023,411.1900000000002,411.2000000000002,1658
2026-04-24T17:30:00+00:00,411.2000000000002,413.54000000000025,411.0200000000002,413.2000000000002,2156
2026-04-24T18:00:00+00:00,413.2000000000002,414.47000000000025,412.97000000000025,414.3900000000002,2239
2026-04-24T18:30:00+00:00,414.3900000000002,415.1300000000002,414.22000000000025,414.79000000000025,2297
2026-04-24T19:00:00+00:00,414.79000000000025,416.87000000000023,414.78000000000026,416.0200000000002,2461
2026-04-24T19:30:00+00:00,416.0200000000002,417.2100000000002,415.5700000000002,417.1900000000002,3295
2026-04-27T13:30:00+00:00,417.1900000000002,417.8400000000002,409.16000000000014,411.91000000000014,6045.456127198752
2026-04-27T14:00:00+00:00,411.91000000000014,416.72000000000014,411.67000000000013,416.6200000000002,4910
2026-04-27T14:30:00+00:00,416.6200000000002,416.66000000000014,414.6100000000001,415.72000000000014,4452
2026-04-27T15:00:00+00:00,415.72000000000014,416.07000000000016,413.3700000000002,414.97000000000014,3986
2026-04-27T15:30:00+00:00,414.97000000000014,415.1800000000002,413.6100000000001,414.19000000000017,3118
2026-04-27T16:00:00+00:00,414.19000000000017,416.07000000000016,414.19000000000017,415.66000000000014,2617
2026-04-27T16:30:00+00:00,415.66000000000014,416.47000000000014,415.21000000000015,416.47000000000014,2134
2026-04-27T17:00:00+00:00,416.47000000000014,417.20000000000016,416.01000000000016,417.00000000000017,2638
2026-04-27T17:30:00+00:00,417.00000000000017,417.96000000000015,416.9900000000002,417.69000000000017,2515
2026-04-27T18:00:00+00:00,417.69000000000017,418.88000000000017,417.5600000000002,418.66000000000014,2765
2026-04-27T18:30:00+00:00,418.66000000000014,419.07000000000016,417.60000000000014,417.96000000000015,2643
2026-04-27T19:00:00+00:00,417.96000000000015,418.10000000000014,416.3100000000002,416.67000000000013,2566
2026-04-27T19:30:00+00:00,416.67000000000013,418.21000000000015,416.19000000000017,417.10000000000014,4413
2026-04-28T13:30:00+00:00,417.10000000000014,420.08000000000015,413.96000000000015,418.70000000000016,4900
2026-04-28T14:00:00+00:00,418.70000000000016,419.17000000000013,416.96000000000015,418.45000000000016,3929
2026-04-28T14:30:00+00:00,418.45000000000016,419.01000000000016,416.91000000000014,417.8100000000002,4182
2026-04-28T15:00:00+00:00,417.8100000000002,418.8000000000002,417.32000000000016,417.82000000000016,3284
2026-04-28T15:30:00+00:00,417.82000000000016,419.73000000000013,417.6100000000001,419.73000000000013,3190
2026-04-28T16:00:00+00:00,419.73000000000013,420.64000000000016,418.8000000000002,420.47000000000014,2943
2026-04-28T16:30:00+00:00,420.47000000000014,421.07000000000016,419.39000000000016,420.59000000000015,2413
2026-04-28T17:00:00+00:00,420.59000000000015,421.17000000000013,419.58000000000015,420.70000000000016,2198
2026-04-28T17:30:00+00:00,420.70000000000016,421.09000000000015,419.57000000000016,419.8700000000002,2014
2026-04-28T18:00:00+00:00,419.8700000000002,419.9300000000002,418.3600000000001,418.63000000000017,2418
2026-04-28T18:30:00+00:00,418.63000000000017,419.71000000000015,418.09000000000015,419.63000000000017,2429
2026-04-28T19:00:00+00:00,419.63000000000017,421.1200000000002,419.0600000000002,421.00000000000017,2826
2026-04-28T19:30:00+00:00,421.00000000000017,421.96000000000015,420.63000000000017,421.5500000000002,4493
2026-04-29T13:30:00+00:00,421.5500000000002,421.5500000000002,413.84000000000015,417.44000000000017,5245
2026-04-29T14:00:00+00:00,417.44000000000017,417.58000000000015,415.3100000000002,417.25000000000017,4044
2026-04-29T14:30:00+00:00,417.25000000000017,417.82000000000016,416.57000000000016,417.3800000000002,3768.206380705236
2026-04-29T15:00:00+00:00,417.3800000000002,417.9200000000002,416.1400000000002,416.5000000000002,3470
2026-04-29T15:30:00+00:00,416.5000000000002,417.3800000000002,415.7700000000002,416.3500000000002,3389
2026-04-29T16:00:00+00:00,416.3500000000002,416.8800000000002,413.86000000000024,414.1300000000002,3461
2026-04-29T16:30:00+00:00,414.1300000000002,414.9800000000002,412.3800000000002,414.5100000000002,3065
2026-04-29T17:00:00+00:00,414.5100000000002,415.2700000000002,414.0100000000002,415.2200000000002,2493
2026-04-29T17:30:00+00:00,415.2200000000002,416.24000000000024,415.0700000000002,415.4200000000002,2503
2026-04-29T18:00:00+00:00,415.4200000000002,416.3400000000002,414.62000000000023,415.7800000000002,3344
2026-04-29T18:30:00+00:00,415.7800000000002,417.2600000000002,415.12000000000023,417.0000000000002,3776
2026-04-29T19:00:00+00:00,417.0000000000002,417.5400000000002,416.2100000000002,417.0700000000002,3233
2026-04-29T19:30:00+00:00,417.0700000000002,417.3200000000002,415.2700000000002,417.0700000000002,4452
2026-04-30T13:30:00+00:00,417.0700000000002,417.0700000000002,395.8400000000002,397.0300000000002,7985
2026-04-30T14:00:00+00:00,397.0300000000002,397.6700000000002,392.24000000000024,393.7200000000002,7158
2026-04-30T14:30:00+00:00,393.7200000000002,398.5100000000002,393.2500000000002,398.2900000000002,5018
2026-04-30T15:00:00+00:00,398.2900000000002,399.0400000000002,395.0000000000002,395.1500000000002,4495
2026-04-30T15:30:00+00:00,395.1500000000002,395.9200000000002,393.7200000000002,394.8500000000002,3799
2026-04-30T16:00:00+00:00,394.8500000000002,395.5800000000002,392.9700000000002,393.05000000000024,3338
2026-04-30T16:30:00+00:00,393.05000000000024,393.7500000000002,390.12000000000023,391.1400000000002,4426
2026-04-30T17:00:00+00:00,391.1400000000002,393.0800000000002,391.11000000000024,392.99000000000024,3678
2026-04-30T17:30:00+00:00,392.99000000000024,395.0200000000002,392.99000000000024,394.6700000000002,3554
2026-04-30T18:00:00+00:00,394.6700000000002,398.2700000000002,394.6500000000002,398.2700000000002,3758
2026-04-30T18:30:00+00:00,398.2700000000002,400.2100000000002,398.1400000000002,399.5300000000002,3949
2026-04-30T19:00:00+00:00,399.5300000000002,401.0400000000002,398.81000000000023,400.3900000000002,3434
2026-04-30T19:30:00+00:00,400.3900000000002,402.2100000000002,399.5000000000002,400.2500000000002,5347
2026-05-01T13:30:00+00:00,400.2500000000002,408.3300000000002,400.2500000000002,404.2600000000002,6341
2026-05-01T14:00:00+00:00,404.2600000000002,405.2600000000002,402.5200000000002,404.3400000000002,4506
2026-05-01T14:30:00+00:00,404.3400000000002,406.22000000000025,403.1400000000002,406.15000000000026,4300.850152461158
2026-05-01T15:00:00+00:00,406.15000000000026,406.84000000000026,405.18000000000023,406.6300000000003,3575
2026-05-01T15:30:00+00:00,406.6300000000003,409.18000000000023,406.48000000000025,407.92000000000024,3713
2026-05-01T16:00:00+00:00,407.92000000000024,408.35000000000025,405.09000000000026,406.3800000000003,2813
2026-05-01T16:30:00+00:00,406.3800000000003,406.59000000000026,404.8800000000003,405.30000000000024,2349
2026-05-01T17:00:00+00:00,405.30000000000024,406.74000000000024,405.18000000000023,406.60000000000025,2108
2026-05-01T17:30:00+00:00,406.60000000000025,407.46000000000026,406.02000000000027,407.29000000000025,2286
2026-05-01T18:00:00+00:00,407.29000000000025,408.11000000000024,407.1300000000003,407.65000000000026,2886
2026-05-01T18:30:00+00:00,407.65000000000026,407.65000000000026,406.53000000000026,406.9500000000003,2403
2026-05-01T19:00:00+00:00,406.9500000000003,408.43000000000023,406.7500000000003,408.34000000000026,2357
2026-05-01T19:30:00+00:00,408.34000000000026,409.18000000000023,405.53000000000026,406.65000000000026,3099
2026-05-04T13:30:00+00:00,406.65000000000026,416.1400000000003,406.09000000000026,411.6500000000003,5785.70277174201
2026-05-04T14:00:00+00:00,411.6500000000003,416.57000000000033,410.5400000000003,415.6600000000003,5330
2026-05-04T14:30:00+00:00,415.6600000000003,416.2500000000003,412.8300000000003,413.0900000000003,4731
2026-05-04T15:00:00+00:00,413.0900000000003,414.1700000000003,411.2800000000003,411.7100000000003,5481
2026-05-04T15:30:00+00:00,411.7100000000003,411.8400000000003,409.3800000000003,410.76000000000033,5094
2026-05-04T16:00:00+00:00,410.76000000000033,412.2400000000003,408.8400000000003,411.51000000000033,5276
2026-05-04T16:30:00+00:00,411.51000000000033,412.0800000000003,409.76000000000033,409.8600000000003,3826
2026-05-04T17:00:00+00:00,409.8600000000003,410.9700000000003,409.5300000000003,410.3700000000003,3697
2026-05-04T17:30:00+00:00,410.3700000000003,411.0000000000003,410.0600000000003,410.3500000000003,2389
2026-05-04T18:00:00+00:00,410.3500000000003,411.3600000000003,410.01000000000033,410.4800000000003,2597
2026-05-04T18:30:00+00:00,410.4800000000003,410.5900000000003,409.0300000000003,409.1500000000003,2648
2026-05-04T19:00:00+00:00,409.1500000000003,409.3100000000003,407.8900000000003,408.9700000000003,3094
2026-05-04T19:30:00+00:00,408.9700000000003,409.6000000000003,407.7400000000003,409.4700000000003,4121
2026-05-05T13:30:00+00:00,409.4700000000003,412.3000000000003,406.1300000000003,406.3600000000003,5839
2026-05-05T14:00:00+00:00,406.3600000000003,408.45000000000033,405.1800000000003,406.45000000000033,5280
2026-05-05T14:30:00+00:00,406.45000000000033,406.95000000000033,405.4900000000003,406.0800000000003,4430
2026-05-05T15:00:00+00:00,406.0800000000003,407.3400000000003,405.8400000000003,407.0800000000003,3686
2026-05-05T15:30:00+00:00,407.0800000000003,407.4000000000003,404.9700000000003,405.1500000000003,3276
2026-05-05T16:00:00+00:00,405.1500000000003,406.1300000000003,404.6300000000003,405.6300000000003,3210
2026-05-05T16:30:00+00:00,405.6300000000003,406.2400000000003,404.9400000000003,405.4600000000003,2719
2026-05-05T17:00:00+00:00,405.4600000000003,405.9700000000003,404.8500000000003,405.8500000000003,2228
2026-05-05T17:30:00+00:00,405.8500000000003,406.7500000000003,405.5300000000003,406.01000000000033,2177
2026-05-05T18:00:00+00:00,406.01000000000033,406.4900000000003,405.7300000000003,405.8300000000003,2172
2026-05-05T18:30:00+00:00,405.8300000000003,407.1800000000003,405.4900000000003,406.9200000000003,2201
2026-05-05T19:00:00+00:00,406.9200000000003,409.1800000000003,406.7100000000003,408.4700000000003,2373
2026-05-05T19:30:00+00:00,408.4700000000003,408.57000000000033,406.8300000000003,407.1000000000003,3367
2026-05-06T13:30:00+00:00,407.1000000000003,407.1000000000003,400.9300000000003,405.6000000000003,6237
2026-05-06T14:00:00+00:00,405.6000000000003,412.2200000000003,405.5900000000003,411.6900000000003,5285
2026-05-06T14:30:00+00:00,411.6900000000003,414.0900000000003,409.95000000000033,410.7300000000003,4761.729994629431
2026-05-06T15:00:00+00:00,410.7300000000003,411.1000000000003,408.9500000000003,409.27000000000027,3491
2026-05-06T15:30:00+00:00,409.27000000000027,412.08000000000027,409.14000000000027,410.96000000000026,3319
2026-05-06T16:00:00+00:00,410.96000000000026,411.5000000000003,409.65000000000026,410.0500000000003,2457
2026-05-06T16:30:00+00:00,410.0500000000003,410.1300000000003,408.0100000000003,408.4800000000003,2654
2026-05-06T17:00:00+00:00,408.4800000000003,409.3500000000003,408.2000000000003,409.2000000000003,2092
2026-05-06T17:30:00+00:00,409.2000000000003,409.4100000000003,408.1300000000003,408.3000000000003,2104
2026-05-06T18:00:00+00:00,408.3000000000003,409.89000000000027,408.1000000000003,409.71000000000026,2278
2026-05-06T18:30:00+00:00,409.71000000000026,409.9500000000003,408.9800000000003,409.14000000000027,1914
2026-05-06T19:00:00+00:00,409.14000000000027,410.1600000000003,408.8500000000003,409.1000000000003,1864
2026-05-06T19:30:00+00:00,409.1000000000003,410.2500000000003,408.4500000000003,409.9500000000003,2847
2026-05-07T13:30:00+00:00,409.9500000000003,423.7500000000003,409.9500000000003,419.8800000000003,5530
2026-05-07T14:00:00+00:00,419.8800000000003,421.1600000000003,418.4100000000003,420.0700000000003,3770
2026-05-07T14:30:00+00:00,420.0700000000003,421.6900000000003,418.4500000000003,421.5500000000003,3246
2026-05-07T15:00:00+00:00,421.5500000000003,422.3400000000003,419.8500000000003,420.3100000000003,3223
2026-05-07T15:30:00+00:00,420.3100000000003,422.3500000000003,420.2400000000003,421.1000000000003,3077
2026-05-07T16:00:00+00:00,421.1000000000003,421.27000000000027,418.89000000000027,420.6600000000003,2861
2026-05-07T16:30:00+00:00,420.6600000000003,420.6600000000003,416.8800000000003,417.1300000000003,2552
2026-05-07T17:00:00+00:00,417.1300000000003,418.64000000000027,416.4700000000003,416.8500000000003,2797
2026-05-07T17:30:00+00:00,416.8500000000003,417.8100000000003,416.3000000000003,417.7900000000003,2612
2026-05-07T18:00:00+00:00,417.7900000000003,419.40000000000026,417.0000000000003,419.0000000000003,2176
2026-05-07T18:30:00+00:00,419.0000000000003,420.1000000000003,417.7400000000003,418.7400000000003,2655
2026-05-07T19:00:00+00:00,418.7400000000003,419.40000000000026,416.8500000000003,417.3400000000003,2334
2026-05-07T19:30:00+00:00,417.3400000000003,417.9200000000003,415.8700000000003,417.02000000000027,3643
2026-05-08T13:30:00+00:00,417.02000000000027,417.02000000000027,410.7600000000003,412.1600000000003,5126
2026-05-08T14:00:00+00:00,412.1600000000003,413.4900000000003,411.15000000000026,411.6600000000003,4274
2026-05-08T14:30:00+00:00,411.6600000000003,412.4200000000003,410.1900000000003,412.2800000000003,4116.815089672233
2026-05-08T15:00:00+00:00,412.2800000000003,413.05000000000035,411.61000000000035,412.7300000000003,3532
2026-05-08T15:30:00+00:00,412.7300000000003,412.99000000000035,411.38000000000034,411.74000000000035,2932
2026-05-08T16:00:00+00:00,411.74000000000035,412.4700000000003,411.2100000000003,411.7200000000003,2420
2026-05-08T16:30:00+00:00,411.7200000000003,412.7200000000003,411.2700000000003,412.0300000000003,2188
2026-05-08T17:00:00+00:00,412.0300000000003,413.24000000000035,411.7800000000003,413.0300000000003,2154
2026-05-08T17:30:00+00:00,413.0300000000003,413.1600000000003,411.4700000000003,411.63000000000034,1806
2026-05-08T18:00:00+00:00,411.63000000000034,412.2200000000003,411.2300000000003,411.8900000000003,2066
2026-05-08T18:30:00+00:00,411.8900000000003,411.99000000000035,410.4800000000003,410.68000000000035,2162
2026-05-08T19:00:00+00:00,410.68000000000035,411.07000000000033,410.06000000000034,410.69000000000034,2343
2026-05-08T19:30:00+00:00,410.69000000000034,411.7900000000003,409.87000000000035,411.12000000000035,3413
2026-05-11T13:30:00+00:00,411.12000000000035,414.01000000000033,406.01000000000033,407.9000000000003,4808.8946639721735
2026-05-11T14:00:00+00:00,407.9000000000003,409.43000000000035,407.43000000000035,408.68000000000035,3958
2026-05-11T14:30:00+00:00,408.68000000000035,409.0900000000003,407.00000000000034,407.44000000000034,3500
2026-05-11T15:00:00+00:00,407.44000000000034,410.26000000000033,407.01000000000033,409.9100000000003,3471
2026-05-11T15:30:00+00:00,409.9100000000003,409.9100000000003,408.1600000000003,408.37000000000035,2756
2026-05-11T16:00:00+00:00,408.37000000000035,409.17000000000036,408.25000000000034,408.94000000000034,2275
2026-05-11T16:30:00+00:00,408.94000000000034,409.20000000000033,407.5200000000003,407.6000000000003,2739
2026-05-11T17:00:00+00:00,407.6000000000003,407.7100000000003,406.6400000000003,407.1000000000003,2659
2026-05-11T17:30:00+00:00,407.1000000000003,409.4700000000003,407.1000000000003,409.07000000000033,2679
2026-05-11T18:00:00+00:00,409.07000000000033,409.9700000000003,408.94000000000034,409.4000000000003,2486
2026-05-11T18:30:00+00:00,409.4000000000003,409.4000000000003,408.1500000000003,408.4000000000003,2371
2026-05-11T19:00:00+00:00,408.4000000000003,409.61000000000035,407.75000000000034,409.57000000000033,2439
2026-05-11T19:30:00+00:00,409.57000000000033,410.75000000000034,409.30000000000035,410.75000000000034,3142
2026-05-12T13:30:00+00:00,410.75000000000034,413.3500000000003,404.68000000000035,406.3400000000003,5298
2026-05-12T14:00:00+00:00,406.3400000000003,408.6400000000003,405.19000000000034,407.06000000000034,4247
2026-05-12T14:30:00+00:00,407.06000000000034,407.6400000000003,406.1500000000003,406.48000000000036,3856
2026-05-12T15:00:00+00:00,406.48000000000036,406.8900000000003,405.87000000000035,406.3500000000003,3222
2026-05-12T15:30:00+00:00,406.3500000000003,406.87000000000035,405.44000000000034,406.63000000000034,2559
2026-05-12T16:00:00+00:00,406.63000000000034,407.92000000000036,406.18000000000035,407.50000000000034,2195
2026-05-12T16:30:00+00:00,407.50000000000034,408.4700000000003,406.75000000000034,406.99000000000035,2642
2026-05-12T17:00:00+00:00,406.99000000000035,407.4000000000003,405.80000000000035,406.82000000000033,2251
2026-05-12T17:30:00+00:00,406.82000000000033,407.6600000000003,406.6000000000003,406.86000000000035,2092
2026-05-12T18:00:00+00:00,406.86000000000035,407.07000000000033,405.95000000000033,406.29000000000036,2097
2026-05-12T18:30:00+00:00,406.29000000000036,406.76000000000033,405.30000000000035,406.4600000000003,2543
2026-05-12T19:00:00+00:00,406.4600000000003,407.06000000000034,405.7700000000003,407.01000000000033,2334
2026-05-12T19:30:00+00:00,407.01000000000033,407.01000000000033,405.2100000000003,405.55000000000035,3251
2026-05-13T13:30:00+00:00,405.55000000000035,405.55000000000035,399.07000000000033,400.67000000000036,4426
2026-05-13T14:00:00+00:00,400.67000000000036,402.50000000000034,400.25000000000034,401.0800000000003,3236
2026-05-13T14:30:00+00:00,401.0800000000003,401.32000000000033,400.0900000000003,401.13000000000034,3113.890562099299
2026-05-13T15:00:00+00:00,401.13000000000034,402.29000000000036,400.9000000000004,401.36000000000035,2729
2026-05-13T15:30:00+00:00,401.36000000000035,403.22000000000037,401.0900000000004,402.32000000000033,2754
2026-05-13T16:00:00+00:00,402.32000000000033,403.94000000000034,402.19000000000034,403.70000000000033,2525
2026-05-13T16:30:00+00:00,403.70000000000033,404.37000000000035,403.29000000000036,403.75000000000034,2367
2026-05-13T17:00:00+00:00,403.75000000000034,403.97000000000037,402.13000000000034,402.16000000000037,2393
2026-05-13T17:30:00+00:00,402.16000000000037,402.53000000000037,401.79000000000036,401.94000000000034,2087
2026-05-13T18:00:00+00:00,401.94000000000034,403.41000000000037,401.87000000000035,403.3900000000003,2266
2026-05-13T18:30:00+00:00,403.3900000000003,404.24000000000035,403.0200000000004,403.05000000000035,2430
2026-05-13T19:00:00+00:00,403.05000000000035,403.69000000000034,402.48000000000036,402.5900000000004,2147
2026-05-13T19:30:00+00:00,402.5900000000004,403.9600000000004,402.3900000000003,403.38000000000034,3238
2026-05-14T13:30:00+00:00,403.38000000000034,403.53000000000037,398.97000000000037,400.92000000000036,4113
2026-05-14T14:00:00+00:00,400.92000000000036,407.00000000000034,400.9000000000004,406.91000000000037,3909
2026-05-14T14:30:00+00:00,406.91000000000037,408.3400000000004,404.99000000000035,407.51000000000033,4136
2026-05-14T15:00:00+00:00,407.51000000000033,409.67000000000036,407.3400000000004,409.41000000000037,3369
2026-05-14T15:30:00+00:00,409.41000000000037,409.8900000000003,406.98000000000036,407.03000000000037,3149
2026-05-14T16:00:00+00:00,407.03000000000037,407.55000000000035,405.3400000000004,405.7100000000004,2467
2026-05-14T16:30:00+00:00,405.7100000000004,406.82000000000033,405.3900000000003,406.0900000000004,2316
2026-05-14T17:00:00+00:00,406.0900000000004,407.11000000000035,405.8900000000003,407.11000000000035,2785
2026-05-14T17:30:00+00:00,407.11000000000035,407.92000000000036,406.3400000000004,407.85000000000036,2433
2026-05-14T18:00:00+00:00,407.85000000000036,407.99000000000035,407.0900000000004,407.28000000000037,2030
2026-05-14T18:30:00+00:00,407.28000000000037,407.54000000000036,406.55000000000035,407.00000000000034,2405
2026-05-14T19:00:00+00:00,407.00000000000034,407.86000000000035,406.93000000000035,407.0800000000004,2700
2026-05-14T19:30:00+00:00,407.0800000000004,407.75000000000034,406.93000000000035,407.60000000000036,3101
2026-05-15T13:30:00+00:00,407.60000000000036,416.28000000000037,407.60000000000036,413.4600000000004,5319
2026-05-15T14:00:00+00:00,413.4600000000004,417.13000000000034,413.4000000000004,416.36000000000035,4577
2026-05-15T14:30:00+00:00,416.36000000000035,424.36000000000035,416.36000000000035,422.4100000000003,6190.180299785867
2026-05-15T15:00:00+00:00,422.4100000000003,422.9600000000003,420.76000000000033,421.2900000000003,4215
2026-05-15T15:30:00+00:00,421.2900000000003,421.6400000000003,418.5300000000003,419.7800000000003,3906
2026-05-15T16:00:00+00:00,419.7800000000003,424.4000000000003,419.6800000000003,424.0000000000003,4006
2026-05-15T16:30:00+00:00,424.0000000000003,424.3000000000003,421.7200000000003,422.8400000000003,3570
2026-05-15T17:00:00+00:00,422.8400000000003,424.3400000000003,421.8100000000003,423.9200000000003,3109
2026-05-15T17:30:00+00:00,423.9200000000003,426.1700000000003,423.8600000000003,425.8300000000003,3923
2026-05-15T18:00:00+00:00,425.8300000000003,426.0800000000003,423.7300000000003,423.8400000000003,4419
2026-05-15T18:30:00+00:00,423.8400000000003,424.4200000000003,422.5200000000003,422.70000000000033,3181
2026-05-15T19:00:00+00:00,422.70000000000033,423.1200000000003,421.7300000000003,421.7800000000003,2953
2026-05-15T19:30:00+00:00,421.7800000000003,422.8900000000003,418.6200000000003,420.3500000000003,3982
2026-05-18T13:30:00+00:00,420.3500000000003,425.3700000000004,420.3500000000003,424.53000000000037,4464.983855627315
2026-05-18T14:00:00+00:00,424.53000000000037,425.9600000000004,422.9000000000004,423.67000000000036,4183
2026-05-18T14:30:00+00:00,423.67000000000036,424.0800000000004,420.73000000000036,420.85000000000036,3766
2026-05-18T15:00:00+00:00,420.85000000000036,421.12000000000035,418.8200000000004,419.1300000000004,3398
2026-05-18T15:30:00+00:00,419.1300000000004,420.47000000000037,418.8800000000004,420.37000000000035,2841
2026-05-18T16:00:00+00:00,420.37000000000035,421.53000000000037,419.42000000000036,419.5900000000004,3006
2026-05-18T16:30:00+00:00,419.5900000000004,422.99000000000035,419.5900000000004,422.2500000000004,2992
2026-05-18T17:00:00+00:00,422.2500000000004,424.8300000000004,421.87000000000035,424.7000000000004,2791
2026-05-18T17:30:00+00:00,424.7000000000004,426.87000000000035,424.1300000000004,426.0800000000004,3471
2026-05-18T18:00:00+00:00,426.0800000000004,426.4400000000004,424.6300000000004,425.5600000000004,3372
2026-05-18T18:30:00+00:00,425.5600000000004,425.9500000000004,422.7100000000004,422.8200000000004,3382
2026-05-18T19:00:00+00:00,422.8200000000004,425.4500000000004,422.72000000000037,424.24000000000035,3404
2026-05-18T19:30:00+00:00,424.24000000000035,425.5900000000004,423.74000000000035,425.53000000000037,3347
2026-05-19T13:30:00+00:00,425.53000000000037,434.4500000000004,425.53000000000037,430.97000000000037,5723
2026-05-19T14:00:00+00:00,430.97000000000037,431.5000000000004,426.5200000000004,426.73000000000036,4225
2026-05-19T14:30:00+00:00,426.73000000000036,427.74000000000035,424.3200000000004,425.35000000000036,3885
2026-05-19T15:00:00+00:00,425.35000000000036,425.6500000000004,422.74000000000035,422.7600000000004,3453
2026-05-19T15:30:00+00:00,422.7600000000004,423.8800000000004,420.73000000000036,421.0800000000004,3307
2026-05-19T16:00:00+00:00,421.0800000000004,421.8400000000004,419.47000000000037,419.48000000000036,2787
2026-05-19T16:30:00+00:00,419.48000000000036,420.8800000000004,418.92000000000036,420.2100000000004,2808
2026-05-19T17:00:00+00:00,420.2100000000004,421.2700000000004,419.03000000000037,420.5900000000004,2399
2026-05-19T17:30:00+00:00,420.5900000000004,421.6400000000004,420.3300000000004,420.9500000000004,2393
2026-05-19T18:00:00+00:00,420.9500000000004,421.3900000000004,420.05000000000035,420.85000000000036,1977
2026-05-19T18:30:00+00:00,420.85000000000036,421.6300000000004,419.8200000000004,420.3100000000004,2239
2026-05-19T19:00:00+00:00,420.3100000000004,420.9000000000004,419.37000000000035,419.8400000000004,2299
2026-05-19T19:30:00+00:00,419.8400000000004,420.2600000000004,418.2500000000004,419.6500000000004,3558
2026-05-20T13:30:00+00:00,419.6500000000004,419.6500000000004,413.1300000000004,414.6900000000004,4867
2026-05-20T14:00:00+00:00,414.6900000000004,416.86000000000035,413.42000000000036,415.5200000000004,3815
2026-05-20T14:30:00+00:00,415.5200000000004,418.28000000000037,415.5200000000004,417.91000000000037,3144.941893424036
2026-05-20T15:00:00+00:00,417.91000000000037,419.70000000000033,416.95000000000033,418.1400000000003,3678
2026-05-20T15:30:00+00:00,418.1400000000003,419.31000000000034,418.1400000000003,418.97000000000037,2891
2026-05-20T16:00:00+00:00,418.97000000000037,420.9600000000004,418.78000000000037,420.19000000000034,2847
2026-05-20T16:30:00+00:00,420.19000000000034,420.19000000000034,418.66000000000037,419.50000000000034,3036
2026-05-20T17:00:00+00:00,419.50000000000034,421.42000000000036,419.17000000000036,421.06000000000034,2698
2026-05-20T17:30:00+00:00,421.06000000000034,422.91000000000037,420.9000000000004,421.9600000000004,2655
2026-05-20T18:00:00+00:00,421.9600000000004,422.36000000000035,420.66000000000037,422.19000000000034,2354
2026-05-20T18:30:00+00:00,422.19000000000034,422.43000000000035,421.32000000000033,421.5800000000003,2271
2026-05-20T19:00:00+00:00,421.5800000000003,422.25000000000034,420.98000000000036,422.25000000000034,2074
2026-05-20T19:30:00+00:00,422.25000000000034,423.7700000000004,421.99000000000035,422.79000000000036,3483
2026-05-21T13:30:00+00:00,422.79000000000036,427.91000000000037,419.7700000000004,420.30000000000035,4383
2026-05-21T14:00:00+00:00,420.30000000000035,421.01000000000033,417.48000000000036,419.04000000000036,4032
2026-05-21T14:30:00+00:00,419.04000000000036,420.6500000000004,418.04000000000036,420.38000000000034,3064
2026-05-21T15:00:00+00:00,420.38000000000034,420.75000000000034,418.87000000000035,420.48000000000036,3001
2026-05-21T15:30:00+00:00,420.48000000000036,420.79000000000036,419.7100000000004,419.98000000000036,2544
2026-05-21T16:00:00+00:00,419.98000000000036,420.2700000000004,418.69000000000034,418.88000000000034,2835
2026-05-21T16:30:00+00:00,418.88000000000034,419.31000000000034,417.99000000000035,418.00000000000034,2392
2026-05-21T17:00:00+00:00,418.00000000000034,419.7700000000004,417.78000000000037,419.1400000000003,3084
2026-05-21T17:30:00+00:00,419.1400000000003,422.03000000000037,419.10000000000036,420.93000000000035,2699
2026-05-21T18:00:00+00:00,420.93000000000035,421.06000000000034,419.3300000000003,420.70000000000033,2402
2026-05-21T18:30:00+00:00,420.70000000000033,421.56000000000034,419.78000000000037,420.28000000000037,2482
2026-05-21T19:00:00+00:00,420.28000000000037,421.1500000000004,419.93000000000035,420.72000000000037,2276
2026-05-21T19:30:00+00:00,420.72000000000037,421.56000000000034,419.28000000000037,421.25000000000034,3630
2026-05-22T13:30:00+00:00,421.25000000000034,426.04000000000036,421.01000000000033,422.10000000000036,4866
2026-05-22T14:00:00+00:00,422.10000000000036,422.18000000000035,418.10000000000036,418.4600000000004,3624
2026-05-22T14:30:00+00:00,418.4600000000004,420.22000000000037,418.2100000000004,419.3000000000004,3298.2268692643297
2026-05-22T15:00:00+00:00,419.3000000000004,421.3900000000004,419.2100000000004,421.2000000000004,2703
2026-05-22T15:30:00+00:00,421.2000000000004,421.8200000000004,420.1100000000004,421.7500000000004,2225
2026-05-22T16:00:00+00:00,421.7500000000004,422.3400000000004,421.1400000000004,421.4400000000004,2239
2026-05-22T16:30:00+00:00,421.4400000000004,421.8100000000004,420.28000000000037,420.53000000000037,2000
2026-05-22T17:00:00+00:00,420.53000000000037,420.8800000000004,420.0500000000004,420.6800000000004,1984
2026-05-22T17:30:00+00:00,420.6800000000004,421.2100000000004,419.4400000000004,419.48000000000036,2266
2026-05-22T18:00:00+00:00,419.48000000000036,420.8900000000004,419.0700000000004,420.66000000000037,2179
2026-05-22T18:30:00+00:00,420.66000000000037,421.5700000000004,420.2400000000004,420.7400000000004,1938
2026-05-22T19:00:00+00:00,420.7400000000004,421.03000000000037,420.17000000000036,420.1900000000004,2165
2026-05-22T19:30:00+00:00,420.1900000000004,420.8200000000004,419.8700000000004,420.53000000000037,2989
2026-05-26T13:30:00+00:00,420.53000000000037,420.53000000000037,416.07000000000045,418.69000000000045,4673.031638819765
2026-05-26T14:00:00+00:00,418.69000000000045,420.7900000000004,418.08000000000044,420.0400000000004,4073
2026-05-26T14:30:00+00:00,420.0400000000004,420.21000000000043,416.1700000000004,416.31000000000046,3666
2026-05-26T15:00:00+00:00,416.31000000000046,417.32000000000045,415.21000000000043,416.2300000000004,3619
2026-05-26T15:30:00+00:00,416.2300000000004,417.4200000000004,415.51000000000045,416.09000000000043,2449
2026-05-26T16:00:00+00:00,416.09000000000043,417.0300000000004,415.59000000000043,417.0300000000004,1934
2026-05-26T16:30:00+00:00,417.0300000000004,417.2800000000004,415.39000000000044,415.50000000000045,1901
2026-05-26T17:00:00+00:00,415.50000000000045,415.59000000000043,414.38000000000045,414.6700000000004,1943
2026-05-26T17:30:00+00:00,414.6700000000004,415.25000000000045,414.09000000000043,414.75000000000045,1782
2026-05-26T18:00:00+00:00,414.75000000000045,416.8500000000004,414.70000000000044,416.1700000000004,1603
2026-05-26T18:30:00+00:00,416.1700000000004,416.75000000000045,415.88000000000045,415.88000000000045,1444
2026-05-26T19:00:00+00:00,415.88000000000045,416.9300000000004,415.65000000000043,416.7400000000004,1992
2026-05-26T19:30:00+00:00,416.7400000000004,417.39000000000044,416.32000000000045,416.9800000000004,2657
2026-05-27T13:30:00+00:00,416.9800000000004,416.9800000000004,410.65000000000043,412.4300000000004,4558
2026-05-27T14:00:00+00:00,412.4300000000004,416.9200000000004,412.3700000000004,416.1200000000004,3782
2026-05-27T14:30:00+00:00,416.1200000000004,416.75000000000045,415.1700000000004,415.58000000000044,2890.0685266764563
2026-05-27T15:00:00+00:00,415.58000000000044,416.6000000000004,413.71000000000043,413.7900000000004,2619
2026-05-27T15:30:00+00:00,413.7900000000004,414.40000000000043,413.59000000000043,413.9200000000004,2002
2026-05-27T16:00:00+00:00,413.9200000000004,414.4200000000004,413.4200000000004,413.83000000000044,1920
2026-05-27T16:30:00+00:00,413.83000000000044,415.1100000000004,413.69000000000045,414.88000000000045,2085
2026-05-27T17:00:00+00:00,414.88000000000045,414.93000000000046,412.26000000000045,412.4800000000004,2135
2026-05-27T17:30:00+00:00,412.4800000000004,413.08000000000044,412.38000000000045,412.6600000000004,1795
2026-05-27T18:00:00+00:00,412.6600000000004,413.83000000000044,412.62000000000046,413.7200000000004,2086
2026-05-27T18:30:00+00:00,413.7200000000004,414.07000000000045,413.06000000000046,413.56000000000046,1818
2026-05-27T19:00:00+00:00,413.56000000000046,414.49000000000046,412.4200000000004,414.38000000000045,2222
2026-05-27T19:30:00+00:00,414.38000000000045,414.5400000000004,412.9200000000004,413.8500000000004,3185
2026-05-28T13:30:00+00:00,413.8500000000004,425.68000000000046,413.7200000000004,425.52000000000044,5552
2026-05-28T14:00:00+00:00,425.52000000000044,430.4700000000004,425.3600000000004,426.25000000000045,5857
2026-05-28T14:30:00+00:00,426.25000000000045,426.88000000000045,423.26000000000045,425.31000000000046,4036
2026-05-28T15:00:00+00:00,425.31000000000046,426.49000000000046,424.57000000000045,425.7900000000004,2993
2026-05-28T15:30:00+00:00,425.7900000000004,426.27000000000044,425.12000000000046,426.0300000000004,2711
2026-05-28T16:00:00+00:00,426.0300000000004,427.43000000000046,424.9800000000004,426.80000000000047,2350
2026-05-28T16:30:00+00:00,426.80000000000047,427.5300000000004,423.76000000000045,425.4800000000004,2835
2026-05-28T17:00:00+00:00,425.4800000000004,427.0400000000004,425.4800000000004,426.8500000000004,2620
2026-05-28T17:30:00+00:00,426.8500000000004,428.65000000000043,426.7800000000004,428.56000000000046,2492
2026-05-28T18:00:00+00:00,428.56000000000046,430.1700000000004,427.1000000000004,427.4700000000004,2685
2026-05-28T18:30:00+00:00,427.4700000000004,428.2800000000004,427.07000000000045,427.08000000000044,2278
2026-05-28T19:00:00+00:00,427.08000000000044,428.01000000000045,426.6600000000004,427.0300000000004,2222
2026-05-28T19:30:00+00:00,427.0300000000004,428.2800000000004,425.9800000000004,428.2800000000004,3214
2026-05-29T13:30:00+00:00,428.2800000000004,442.7300000000004,428.2800000000004,442.07000000000045,7029
2026-05-29T14:00:00+00:00,442.07000000000045,444.43000000000046,438.94000000000045,440.94000000000045,5459
2026-05-29T14:30:00+00:00,440.94000000000045,445.90000000000043,440.82000000000045,445.5000000000004,5037.272913916997
2026-05-29T15:00:00+00:00,445.5000000000004,446.5900000000004,444.1500000000004,444.5600000000004,4359
2026-05-29T15:30:00+00:00,444.5600000000004,445.5200000000004,443.4300000000004,443.6300000000004,3297
2026-05-29T16:00:00+00:00,443.6300000000004,444.5900000000004,443.0900000000004,443.5900000000004,2780
2026-05-29T16:30:00+00:00,443.5900000000004,445.9300000000004,443.5600000000004,443.9000000000004,3052
2026-05-29T17:00:00+00:00,443.9000000000004,445.0700000000004,443.6900000000004,444.6100000000004,2419
2026-05-29T17:30:00+00:00,444.6100000000004,445.0600000000004,443.3900000000004,443.4900000000004,2354
2026-05-29T18:00:00+00:00,443.4900000000004,444.3700000000004,442.79000000000036,443.6800000000004,2648
2026-05-29T18:30:00+00:00,443.6800000000004,444.7500000000004,442.3800000000004,442.5600000000004,2736
2026-05-29T19:00:00+00:00,442.5600000000004,444.5200000000004,442.35000000000036,444.4300000000004,2468
2026-05-29T19:30:00+00:00,444.4300000000004,451.3800000000004,443.4900000000004,449.66000000000037,4687
2026-06-01T13:30:00+00:00,449.66000000000037,466.8800000000003,443.9200000000004,466.0400000000003,6030.638552485004
2026-06-01T14:00:00+00:00,466.0400000000003,467.7500000000003,461.5500000000003,463.2100000000003,5359
2026-06-01T14:30:00+00:00,463.2100000000003,464.6500000000003,460.6300000000003,464.6500000000003,5005
2026-06-01T15:00:00+00:00,464.6500000000003,464.8600000000003,460.6900000000003,462.0300000000003,4517
2026-06-01T15:30:00+00:00,462.0300000000003,465.3100000000003,461.8100000000003,461.9200000000003,4853
2026-06-01T16:00:00+00:00,461.9200000000003,463.2300000000003,460.6700000000003,463.1300000000003,4064
2026-06-01T16:30:00+00:00,463.1300000000003,463.89000000000027,462.89000000000027,463.3500000000003,3444
2026-06-01T17:00:00+00:00,463.3500000000003,463.6300000000003,461.0300000000003,461.6500000000003,3246
2026-06-01T17:30:00+00:00,461.6500000000003,461.9500000000003,459.7500000000003,461.4100000000003,3738
2026-06-01T18:00:00+00:00,461.4100000000003,463.1200000000003,461.0400000000003,462.33000000000027,2957
2026-06-01T18:30:00+00:00,462.33000000000027,462.7200000000003,461.5000000000003,462.4200000000003,2637
2026-06-01T19:00:00+00:00,462.4200000000003,465.5600000000003,462.1300000000003,465.2200000000003,2763
2026-06-01T19:30:00+00:00,465.2200000000003,465.6100000000003,461.4900000000003,462.2800000000003,3973
2026-06-02T13:30:00+00:00,462.2800000000003,462.2800000000003,444.9700000000003,446.52000000000027,6822
2026-06-02T14:00:00+00:00,446.52000000000027,449.27000000000027,445.2500000000003,445.6500000000003,4335
2026-06-02T14:30:00+00:00,445.6500000000003,446.5900000000003,444.2200000000003,445.1200000000003,4218
2026-06-02T15:00:00+00:00,445.1200000000003,445.6800000000003,443.8100000000003,445.0000000000003,3855
2026-06-02T15:30:00+00:00,445.0000000000003,446.0900000000003,444.58000000000027,445.3000000000003,2853
2026-06-02T16:00:00+00:00,445.3000000000003,447.64000000000027,444.8200000000003,447.2400000000003,2650
2026-06-02T16:30:00+00:00,447.2400000000003,447.3000000000003,443.8800000000003,445.1700000000003,2700
2026-06-02T17:00:00+00:00,445.1700000000003,446.9300000000003,444.9200000000003,445.9500000000003,2432
2026-06-02T17:30:00+00:00,445.9500000000003,446.0300000000003,444.1700000000003,444.1700000000003,2489
2026-06-02T18:00:00+00:00,444.1700000000003,444.5700000000003,442.8500000000003,443.58000000000027,2676
2026-06-02T18:30:00+00:00,443.58000000000027,444.2400000000003,441.9000000000003,442.0500000000003,2563
2026-06-02T19:00:00+00:00,442.0500000000003,443.52000000000027,442.02000000000027,443.1300000000003,2487
2026-06-02T19:30:00+00:00,443.1300000000003,443.5500000000003,442.0700000000003,442.7200000000003,4012
2026-06-03T13:30:00+00:00,442.7200000000003,442.7200000000003,432.7200000000003,432.7200000000003,5280
2026-06-03T14:00:00+00:00,432.7200000000003,434.6600000000003,432.02000000000027,432.2400000000003,4253
2026-06-03T14:30:00+00:00,432.2400000000003,432.8500000000003,428.2900000000003,428.8200000000003,4367.891467904594
2026-06-03T15:00:00+00:00,428.8200000000003,429.4900000000003,427.3200000000003,429.1100000000003,3852
2026-06-03T15:30:00+00:00,429.1100000000003,429.2200000000003,427.58000000000027,428.4500000000003,3052
2026-06-03T16:00:00+00:00,428.4500000000003,428.6600000000003,426.6000000000003,426.9500000000003,2850
2026-06-03T16:30:00+00:00,426.9500000000003,427.2200000000003,425.7100000000003,426.08000000000027,3085
2026-06-03T17:00:00+00:00,426.08000000000027,426.9500000000003,425.7600000000003,426.8800000000003,2509
2026-06-03T17:30:00+00:00,426.8800000000003,428.39000000000027,426.5000000000003,428.0500000000003,2473
2026-06-03T18:00:00+00:00,428.0500000000003,429.7600000000003,427.8700000000003,429.6100000000003,2400
2026-06-03T18:30:00+00:00,429.6100000000003,430.2600000000003,429.1300000000003,429.7000000000003,2458
2026-06-03T19:00:00+00:00,429.7000000000003,430.39000000000027,428.7900000000003,429.2300000000003,2498
2026-06-03T19:30:00+00:00,429.2300000000003,430.1800000000003,428.1800000000003,429.2200000000003,4142
2026-06-04T13:30:00+00:00,429.2200000000003,437.4200000000003,429.2200000000003,433.8700000000003,4444
2026-06-04T14:00:00+00:00,433.8700000000003,435.5700000000003,430.3600000000003,431.4900000000003,3888
2026-06-04T14:30:00+00:00,431.4900000000003,432.9700000000003,430.4900000000003,431.1600000000003,2712
2026-06-04T15:00:00+00:00,431.1600000000003,432.6300000000003,430.9300000000003,431.7600000000003,2119
2026-06-04T15:30:00+00:00,431.7600000000003,432.1900000000003,430.4200000000003,430.4800000000003,2230
2026-06-04T16:00:00+00:00,430.4800000000003,431.4000000000003,429.2000000000003,429.2400000000003,1955
2026-06-04T16:30:00+00:00,429.2400000000003,430.3500000000003,428.1900000000003,428.3100000000003,2023
2026-06-04T17:00:00+00:00,428.3100000000003,428.6200000000003,427.8700000000003,428.4100000000003,1807
2026-06-04T17:30:00+00:00,428.4100000000003,429.2900000000003,428.1300000000003,429.1900000000003,1729
2026-06-04T18:00:00+00:00,429.1900000000003,429.9200000000003,428.9700000000003,429.14000000000027,1685
2026-06-04T18:30:00+00:00,429.14000000000027,430.4400000000003,428.4600000000003,428.9200000000003,1779
2026-06-04T19:00:00+00:00,428.9200000000003,430.0500000000003,428.4300000000003,429.08000000000027,1810
2026-06-04T19:30:00+00:00,429.08000000000027,429.9100000000003,428.4300000000003,429.4700000000003,3012
2026-06-05T13:30:00+00:00,429.4700000000003,430.64000000000027,426.05000000000024,426.06000000000023,4635.437218721872
2026-06-05T14:00:00+00:00,426.06000000000023,426.64000000000027,423.14000000000004,424.25000000000006,3716.5503613082847
2026-06-05T14:30:00+00:00,424.25000000000006,424.46000000000004,420.98,421.58000000000004,3043.926793175099
2026-06-05T15:00:00+00:00,421.58000000000004,422.6400000000001,420.75000000000017,421.7200000000002,3083.952859064833
2026-06-05T15:30:00+00:00,421.7200000000002,421.8600000000002,420.01000000000016,420.1600000000002,3150
2026-06-05T16:00:00+00:00,420.1600000000002,420.4800000000002,418.4200000000002,419.1800000000002,3680
2026-06-05T16:30:00+00:00,419.1800000000002,419.6800000000002,418.1200000000002,419.5600000000002,3997
2026-06-05T17:00:00+00:00,419.5600000000002,420.2400000000002,418.7400000000002,419.21000000000015,3189
2026-06-05T17:30:00+00:00,419.21000000000015,420.9800000000002,419.0500000000002,420.1200000000002,2653
2026-06-05T18:00:00+00:00,420.1200000000002,420.5300000000002,417.34000000000015,417.6700000000002,3331
2026-06-05T18:30:00+00:00,417.6700000000002,417.8500000000002,416.0600000000002,416.5600000000002,3907
2026-06-05T19:00:00+00:00,416.5600000000002,416.8500000000002,413.9300000000002,415.83000000000015,3633
2026-06-05T19:30:00+00:00,415.83000000000015,417.01000000000016,415.5400000000002,416.50000000000017,4483
2026-06-08T13:30:00+00:00,416.50000000000017,416.5300000000002,410.7900000000002,411.8000000000002,4860
2026-06-08T14:00:00+00:00,411.8000000000002,412.82000000000016,410.8700000000002,412.25000000000017,3879
2026-06-08T14:30:00+00:00,412.25000000000017,413.0600000000002,411.34000000000015,412.08000000000015,3181
2026-06-08T15:00:00+00:00,412.08000000000015,413.0300000000002,410.88000000000017,410.9200000000002,2964
2026-06-08T15:30:00+00:00,410.9200000000002,411.1000000000002,409.7800000000002,409.8500000000002,3111
2026-06-08T16:00:00+00:00,409.8500000000002,410.6700000000002,409.3600000000002,409.9100000000002,2919
2026-06-08T16:30:00+00:00,409.9100000000002,410.3000000000002,409.01000000000016,409.01000000000016,2736
2026-06-08T17:00:00+00:00,409.01000000000016,409.5600000000002,408.1100000000002,409.4900000000002,2767
2026-06-08T17:30:00+00:00,409.4900000000002,411.3100000000002,409.1600000000002,410.70000000000016,2552
2026-06-08T18:00:00+00:00,410.70000000000016,412.25000000000017,410.6200000000002,411.7400000000002,2295
2026-06-08T18:30:00+00:00,411.7400000000002,412.5300000000002,411.34000000000015,412.2800000000002,2024
2026-06-08T19:00:00+00:00,412.2800000000002,412.32000000000016,411.14000000000016,411.75000000000017,2036
2026-06-08T19:30:00+00:00,411.75000000000017,412.69000000000017,410.6800000000002,411.32000000000016,3206
2026-06-09T13:30:00+00:00,411.32000000000016,411.46000000000015,406.84000000000015,410.46000000000015,4858
2026-06-09T14:00:00+00:00,410.46000000000015,411.3700000000002,408.25000000000017,409.01000000000016,4237
2026-06-09T14:30:00+00:00,409.01000000000016,409.5300000000002,405.40000000000015,407.15000000000015,3957
2026-06-09T15:00:00+00:00,407.15000000000015,407.52000000000015,403.0400000000002,403.2300000000002,3782
2026-06-09T15:30:00+00:00,403.2300000000002,403.38000000000017,401.21000000000015,401.4200000000002,4010
2026-06-09T16:00:00+00:00,401.4200000000002,402.4200000000002,400.01000000000016,400.64000000000016,4218
2026-06-09T16:30:00+00:00,400.64000000000016,401.32000000000016,398.00000000000017,399.76000000000016,4386
2026-06-09T17:00:00+00:00,399.76000000000016,401.6100000000002,399.57000000000016,401.1000000000002,3747
2026-06-09T17:30:00+00:00,401.1000000000002,402.8500000000002,401.0500000000002,402.39000000000016,3379
2026-06-09T18:00:00+00:00,402.39000000000016,403.44000000000017,402.26000000000016,403.15000000000015,3239
2026-06-09T18:30:00+00:00,403.15000000000015,403.8700000000002,402.3600000000002,403.50000000000017,3303
2026-06-09T19:00:00+00:00,403.50000000000017,403.9800000000002,401.95000000000016,402.27000000000015,2966
2026-06-09T19:30:00+00:00,402.27000000000015,403.71000000000015,400.95000000000016,402.4900000000002,4054
2026-06-10T13:30:00+00:00,402.4900000000002,404.4100000000002,396.90000000000015,404.21000000000015,6220
2026-06-10T14:00:00+00:00,404.21000000000015,404.5300000000002,401.7400000000002,402.4100000000002,5441
2026-06-10T14:30:00+00:00,402.4100000000002,403.0600000000002,401.0400000000002,402.1400000000002,4426.36570282467
2026-06-10T15:00:00+00:00,402.1400000000002,403.00000000000017,400.9100000000002,401.2200000000002,3932
2026-06-10T15:30:00+00:00,401.2200000000002,403.3000000000002,400.6400000000002,402.2200000000002,3845
2026-06-10T16:00:00+00:00,402.2200000000002,402.7900000000002,401.1100000000002,402.2300000000002,3321
2026-06-10T16:30:00+00:00,402.2300000000002,403.3200000000002,401.9500000000002,402.5600000000002,2968
2026-06-10T17:00:00+00:00,402.5600000000002,403.1600000000002,401.0800000000002,401.2900000000002,2793
2026-06-10T17:30:00+00:00,401.2900000000002,401.50000000000017,399.8900000000002,401.19000000000017,2829
2026-06-10T18:00:00+00:00,401.19000000000017,401.75000000000017,400.5600000000002,400.7200000000002,2550
2026-06-10T18:30:00+00:00,400.7200000000002,400.7200000000002,399.3300000000002,399.6000000000002,2652
2026-06-10T19:00:00+00:00,399.6000000000002,399.8000000000002,397.7700000000002,397.9200000000002,3098
2026-06-10T19:30:00+00:00,397.9200000000002,398.8500000000002,396.7800000000002,396.8000000000002,4492
2026-06-11T13:30:00+00:00,396.8000000000002,396.8000000000002,387.9800000000002,391.0600000000002,7110
2026-06-11T14:00:00+00:00,391.0600000000002,393.00000000000017,387.8300000000002,389.2700000000002,5616
2026-06-11T14:30:00+00:00,389.2700000000002,390.8600000000002,386.2800000000002,386.5200000000002,4651
2026-06-11T15:00:00+00:00,386.5200000000002,388.8100000000002,385.9300000000002,387.5100000000002,4558
2026-06-11T15:30:00+00:00,387.5100000000002,387.9800000000002,385.7100000000002,386.0100000000002,4650
2026-06-11T16:00:00+00:00,386.0100000000002,388.8500000000002,385.8600000000002,387.4900000000002,4252
2026-06-11T16:30:00+00:00,387.4900000000002,388.25000000000017,385.5800000000002,385.7800000000002,3818
2026-06-11T17:00:00+00:00,385.7800000000002,387.2700000000002,383.5800000000002,387.2700000000002,4473
2026-06-11T17:30:00+00:00,387.2700000000002,389.3100000000002,386.38000000000017,388.3100000000002,4321
2026-06-11T18:00:00+00:00,388.3100000000002,388.7800000000002,387.0900000000002,388.3700000000002,4220
2026-06-11T18:30:00+00:00,388.3700000000002,388.6600000000002,386.69000000000017,386.8900000000002,3396
2026-06-11T19:00:00+00:00,386.8900000000002,387.2700000000002,386.1600000000002,386.7900000000002,3568
2026-06-11T19:30:00+00:00,386.7900000000002,390.8700000000002,386.63000000000017,389.5200000000002,6091
2026-06-12T13:30:00+00:00,389.5200000000002,391.0800000000002,381.8400000000002,383.1200000000002,7417
2026-06-12T14:00:00+00:00,383.1200000000002,384.8100000000002,381.94000000000017,383.7000000000002,5907
2026-06-12T14:30:00+00:00,383.7000000000002,388.3000000000002,383.5500000000002,388.25000000000017,5453.594839330075
2026-06-12T15:00:00+00:00,388.25000000000017,389.45000000000016,387.66000000000014,388.45000000000016,4479
2026-06-12T15:30:00+00:00,388.45000000000016,388.58000000000015,386.1800000000002,386.8000000000002,4632
2026-06-12T16:00:00+00:00,386.8000000000002,388.01000000000016,386.13000000000017,387.4300000000002,4515
2026-06-12T16:30:00+00:00,387.4300000000002,387.90000000000015,386.51000000000016,387.35000000000014,3557
2026-06-12T17:00:00+00:00,387.35000000000014,388.38000000000017,387.16000000000014,387.7400000000002,3242
2026-06-12T17:30:00+00:00,387.7400000000002,387.84000000000015,386.0600000000002,386.27000000000015,2788
2026-06-12T18:00:00+00:00,386.27000000000015,387.32000000000016,386.15000000000015,387.08000000000015,3065
2026-06-12T18:30:00+00:00,387.08000000000015,388.6800000000002,386.94000000000017,388.0600000000002,3123
2026-06-12T19:00:00+00:00,388.0600000000002,389.29000000000013,387.5600000000002,388.95000000000016,2627
2026-06-12T19:30:00+00:00,388.95000000000016,390.4900000000002,388.57000000000016,390.16000000000014,4014
2026-06-15T13:30:00+00:00,390.16000000000014,398.17000000000013,390.16000000000014,397.7400000000002,5203
2026-06-15T14:00:00+00:00,397.7400000000002,399.13000000000017,396.8600000000001,397.70000000000016,4902
2026-06-15T14:30:00+00:00,397.70000000000016,397.90000000000015,396.78000000000014,397.67000000000013,3496
2026-06-15T15:00:00+00:00,397.67000000000013,398.6200000000002,396.91000000000014,397.94000000000017,3088
2026-06-15T15:30:00+00:00,397.94000000000017,400.48000000000013,397.66000000000014,400.22000000000014,3104
2026-06-15T16:00:00+00:00,400.22000000000014,401.17000000000013,399.8600000000001,401.0600000000002,2618
2026-06-15T16:30:00+00:00,401.0600000000002,401.27000000000015,398.20000000000016,398.76000000000016,2354
2026-06-15T17:00:00+00:00,398.76000000000016,399.50000000000017,398.34000000000015,399.0600000000002,2316
2026-06-15T17:30:00+00:00,399.0600000000002,399.4900000000002,398.6800000000002,398.84000000000015,1958
2026-06-15T18:00:00+00:00,398.84000000000015,399.10000000000014,398.46000000000015,398.52000000000015,1968
2026-06-15T18:30:00+00:00,398.52000000000015,398.57000000000016,397.8100000000002,398.15000000000015,2053
2026-06-15T19:00:00+00:00,398.15000000000015,399.35000000000014,397.96000000000015,397.97000000000014,2279
2026-06-15T19:30:00+00:00,397.97000000000014,400.13000000000017,397.82000000000016,399.47000000000014,3608
2026-06-16T13:30:00+00:00,399.47000000000014,399.47000000000014,390.4900000000002,394.41000000000014,6763
2026-06-16T14:00:00+00:00,394.41000000000014,394.90000000000015,391.46000000000015,392.6100000000001,5277
2026-06-16T14:30:00+00:00,392.6100000000001,393.84000000000015,392.01000000000016,393.19000000000017,3698
2026-06-16T15:00:00+00:00,393.19000000000017,393.89000000000016,392.82000000000016,392.96000000000015,3112
2026-06-16T15:30:00+00:00,392.96000000000015,393.4300000000002,392.3100000000002,392.39000000000016,3041
2026-06-16T16:00:00+00:00,392.39000000000016,392.50000000000017,390.90000000000015,391.35000000000014,2734
2026-06-16T16:30:00+00:00,391.35000000000014,392.15000000000015,391.04000000000013,391.28000000000014,2703
2026-06-16T17:00:00+00:00,391.28000000000014,391.6200000000002,390.94000000000017,390.96000000000015,2347
2026-06-16T17:30:00+00:00,390.96000000000015,391.10000000000014,390.2400000000002,390.82000000000016,2524
2026-06-16T18:00:00+00:00,390.82000000000016,391.79000000000013,390.42000000000013,391.63000000000017,2083
2026-06-16T18:30:00+00:00,391.63000000000017,393.1100000000001,391.6100000000001,392.73000000000013,2352
2026-06-16T19:00:00+00:00,392.73000000000013,392.8100000000002,391.73000000000013,392.6800000000002,2798
2026-06-16T19:30:00+00:00,392.6800000000002,393.85000000000014,392.45000000000016,393.41000000000014,4215
2026-06-17T13:30:00+00:00,393.41000000000014,393.41000000000014,386.3100000000002,389.27000000000015,8103
2026-06-17T14:00:00+00:00,389.27000000000015,389.42000000000013,386.6100000000001,386.88000000000017,6812
2026-06-17T14:30:00+00:00,386.88000000000017,387.25000000000017,384.1800000000002,384.4200000000002,5555.835425136998
2026-06-17T15:00:00+00:00,384.4200000000002,385.91000000000014,384.33000000000015,385.01000000000016,4036
2026-06-17T15:30:00+00:00,385.01000000000016,386.21000000000015,384.76000000000016,384.97000000000014,3216
2026-06-17T16:00:00+00:00,384.97000000000014,385.65000000000015,384.91000000000014,384.9900000000002,2908
2026-06-17T16:30:00+00:00,384.9900000000002,384.9900000000002,383.65000000000015,383.7400000000002,2916
2026-06-17T17:00:00+00:00,383.7400000000002,384.8000000000002,382.96000000000015,384.41000000000014,3038
2026-06-17T17:30:00+00:00,384.41000000000014,385.59000000000015,384.21000000000015,385.33000000000015,2472
2026-06-17T18:00:00+00:00,385.33000000000015,385.3600000000002,382.2300000000002,382.63000000000017,6301
2026-06-17T18:30:00+00:00,382.63000000000017,383.4900000000002,381.02000000000015,381.38000000000017,6806
2026-06-17T19:00:00+00:00,381.38000000000017,382.0500000000002,378.47000000000014,378.63000000000017,6589
2026-06-17T19:30:00+00:00,378.63000000000017,378.76000000000016,376.94000000000017,378.40000000000015,7623
2026-06-18T13:30:00+00:00,378.40000000000015,378.9200000000002,372.8700000000002,375.78000000000014,5826
2026-06-18T14:00:00+00:00,375.78000000000014,379.20000000000016,374.91000000000014,376.76000000000016,4692
2026-06-18T14:30:00+00:00,376.76000000000016,378.0600000000002,376.20000000000016,376.21000000000015,3536.093353183291
2026-06-18T15:00:00+00:00,376.21000000000015,376.48000000000013,374.45000000000016,374.65000000000015,3699
2026-06-18T15:30:00+00:00,374.65000000000015,377.63000000000017,374.64000000000016,377.53000000000014,3071
2026-06-18T16:00:00+00:00,377.53000000000014,378.40000000000015,376.17000000000013,378.19000000000017,2564
2026-06-18T16:30:00+00:00,378.19000000000017,379.21000000000015,378.14000000000016,379.04000000000013,2401
2026-06-18T17:00:00+00:00,379.04000000000013,381.00000000000017,378.84000000000015,379.3100000000002,2727
2026-06-18T17:30:00+00:00,379.3100000000002,380.09000000000015,378.83000000000015,379.3700000000002,2184
2026-06-18T18:00:00+00:00,379.3700000000002,379.38000000000017,377.23000000000013,377.2400000000001,2260
2026-06-18T18:30:00+00:00,377.2400000000001,378.13000000000017,376.96000000000015,377.52000000000015,2172
2026-06-18T19:00:00+00:00,377.52000000000015,377.94000000000017,376.7400000000001,377.65000000000015,1930
2026-06-18T19:30:00+00:00,377.65000000000015,380.02000000000015,377.1200000000002,378.5600000000002,3970
2026-06-22T13:30:00+00:00,378.5600000000002,381.13000000000017,374.23000000000013,379.47000000000014,8486
2026-06-22T14:00:00+00:00,379.47000000000014,380.48000000000013,373.14000000000016,373.23000000000013,6532
2026-06-22T14:30:00+00:00,373.23000000000013,374.0500000000001,371.0600000000002,371.82000000000016,6886
2026-06-22T15:00:00+00:00,371.82000000000016,372.70000000000016,370.20000000000016,370.77000000000015,5496
2026-06-22T15:30:00+00:00,370.77000000000015,371.66000000000014,369.98000000000013,370.14000000000016,4586
2026-06-22T16:00:00+00:00,370.14000000000016,370.26000000000016,367.5600000000002,368.03000000000014,4381
2026-06-22T16:30:00+00:00,368.03000000000014,368.60000000000014,367.63000000000017,368.46000000000015,3759
2026-06-22T17:00:00+00:00,368.46000000000015,369.1800000000001,367.72000000000014,368.60000000000014,3133
2026-06-22T17:30:00+00:00,368.60000000000014,369.7400000000001,368.28000000000014,369.64000000000016,2707
2026-06-22T18:00:00+00:00,369.64000000000016,370.27000000000015,369.20000000000016,369.95000000000016,2569
2026-06-22T18:30:00+00:00,369.95000000000016,370.17000000000013,368.7400000000001,368.9300000000001,3118
2026-06-22T19:00:00+00:00,368.9300000000001,370.09000000000015,368.6200000000002,369.35000000000014,2968
2026-06-22T19:30:00+00:00,369.35000000000014,370.08000000000015,366.63000000000017,367.01000000000016,5977
2026-06-23T13:30:00+00:00,367.01000000000016,375.46000000000015,367.01000000000016,374.45000000000016,11765
2026-06-23T14:00:00+00:00,374.45000000000016,375.98000000000013,372.84000000000015,375.89000000000016,9332
2026-06-23T14:30:00+00:00,375.89000000000016,376.82000000000016,373.73000000000013,374.34000000000015,8047
2026-06-23T15:00:00+00:00,374.34000000000015,374.6100000000001,372.39000000000016,372.59000000000015,6155
2026-06-23T15:30:00+00:00,372.59000000000015,373.25000000000017,372.0500000000001,372.92000000000013,5706
2026-06-23T16:00:00+00:00,372.92000000000013,373.16000000000014,371.25000000000017,372.8000000000001,5318
2026-06-23T16:30:00+00:00,372.8000000000001,373.15000000000015,372.17000000000013,372.52000000000015,4152
2026-06-23T17:00:00+00:00,372.52000000000015,372.79000000000013,372.02000000000015,372.6100000000001,4088
2026-06-23T17:30:00+00:00,372.6100000000001,374.19000000000017,372.16000000000014,373.08000000000015,4120
2026-06-23T18:00:00+00:00,373.08000000000015,373.8600000000001,372.73000000000013,372.8100000000002,3507
2026-06-23T18:30:00+00:00,372.8100000000002,373.33000000000015,371.89000000000016,372.39000000000016,4098
2026-06-23T19:00:00+00:00,372.39000000000016,373.82000000000016,372.3600000000001,373.52000000000015,4383
2026-06-23T19:30:00+00:00,373.52000000000015,375.72000000000014,373.01000000000016,373.6800000000001,6710
2026-06-24T13:30:00+00:00,373.6800000000001,378.48000000000013,370.40000000000015,373.94000000000017,8916
2026-06-24T14:00:00+00:00,373.94000000000017,374.5500000000001,372.21000000000015,374.3600000000001,7017
2026-06-24T14:30:00+00:00,374.3600000000001,375.10000000000014,372.1800000000001,375.08000000000015,5721.01302901497
2026-06-24T15:00:00+00:00,375.08000000000015,375.15000000000015,373.3700000000002,374.32000000000016,5176
2026-06-24T15:30:00+00:00,374.32000000000016,374.57000000000016,372.90000000000015,373.6200000000002,4913
2026-06-24T16:00:00+00:00,373.6200000000002,374.15000000000015,372.57000000000016,372.6100000000001,4623
2026-06-24T16:30:00+00:00,372.6100000000001,372.96000000000015,371.7400000000002,372.3600000000001,4552
2026-06-24T17:00:00+00:00,372.3600000000001,372.89000000000016,370.3600000000001,370.47000000000014,5387
2026-06-24T17:30:00+00:00,370.47000000000014,371.42000000000013,369.85000000000014,370.1800000000002,6321
2026-06-24T18:00:00+00:00,370.1800000000002,371.8100000000002,370.10000000000014,370.1800000000002,5582
2026-06-24T18:30:00+00:00,370.1800000000002,370.9300000000002,368.1100000000001,368.58000000000015,6043
2026-06-24T19:00:00+00:00,368.58000000000015,368.82000000000016,367.96000000000015,368.02000000000015,6058
2026-06-24T19:30:00+00:00,368.02000000000015,368.25000000000017,364.17000000000013,365.09000000000015,7965
2026-06-25T13:30:00+00:00,365.09000000000015,365.09000000000015,356.15000000000015,356.98000000000013,11275
2026-06-25T14:00:00+00:00,356.98000000000013,359.5500000000002,356.52000000000015,359.42000000000013,8594
2026-06-25T14:30:00+00:00,359.42000000000013,359.50000000000017,354.88000000000017,355.1200000000002,7008
2026-06-25T15:00:00+00:00,355.1200000000002,355.71000000000015,353.26000000000016,355.6100000000001,7580
2026-06-25T15:30:00+00:00,355.6100000000001,356.1200000000002,354.3600000000001,355.07000000000016,6301
2026-06-25T16:00:00+00:00,355.07000000000016,355.15000000000015,351.92000000000013,351.98000000000013,6178
2026-06-25T16:30:00+00:00,351.98000000000013,352.14000000000016,350.6800000000002,351.10000000000014,6263
2026-06-25T17:00:00+00:00,351.10000000000014,351.84000000000015,350.42000000000013,351.19000000000017,5474
2026-06-25T17:30:00+00:00,351.19000000000017,351.2400000000002,348.75000000000017,350.16000000000014,6078
2026-06-25T18:00:00+00:00,350.16000000000014,357.29000000000013,349.8100000000002,357.29000000000013,7241
2026-06-25T18:30:00+00:00,357.29000000000013,357.33000000000015,353.8600000000001,354.95000000000016,6503
2026-06-25T19:00:00+00:00,354.95000000000016,355.19000000000017,351.8100000000002,352.1200000000002,6015
2026-06-25T19:30:00+00:00,352.1200000000002,354.2400000000002,351.16000000000014,352.14000000000016,8541
2026-06-26T13:30:00+00:00,352.14000000000016,363.71000000000015,352.14000000000016,361.70000000000016,9372
2026-06-26T14:00:00+00:00,361.70000000000016,367.28000000000014,360.46000000000015,366.60000000000014,7371
2026-06-26T14:30:00+00:00,366.60000000000014,369.79000000000013,364.85000000000014,369.35000000000014,8699.616927706196
2026-06-26T15:00:00+00:00,369.35000000000014,370.13000000000017,367.15000000000015,369.78000000000014,8008
2026-06-26T15:30:00+00:00,369.78000000000014,371.0400000000002,368.77000000000015,369.71000000000015,7280
2026-06-26T16:00:00+00:00,369.71000000000015,370.07000000000016,366.9900000000002,367.47000000000014,6573
2026-06-26T16:30:00+00:00,367.47000000000014,370.34000000000015,367.19000000000017,369.00000000000017,5860
2026-06-26T17:00:00+00:00,369.00000000000017,369.91000000000014,368.4300000000002,369.4300000000002,5506
2026-06-26T17:30:00+00:00,369.4300000000002,371.02000000000015,368.09000000000015,370.28000000000014,4983
2026-06-26T18:00:00+00:00,370.28000000000014,371.3100000000002,369.95000000000016,369.9900000000002,4714
2026-06-26T18:30:00+00:00,369.9900000000002,371.5500000000002,368.95000000000016,369.22000000000014,5080
2026-06-26T19:00:00+00:00,369.22000000000014,371.25000000000017,369.0600000000002,369.41000000000014,5209
2026-06-26T19:30:00+00:00,369.41000000000014,376.15000000000015,369.40000000000015,370.7400000000002,9055
2026-06-29T13:30:00+00:00,370.7400000000002,380.01000000000016,370.7400000000002,378.70000000000016,6868
2026-06-29T14:00:00+00:00,378.70000000000016,378.96000000000015,374.57000000000016,375.66000000000014,5769
2026-06-29T14:30:00+00:00,375.66000000000014,376.6100000000002,371.20000000000016,371.4900000000002,5602
2026-06-29T15:00:00+00:00,371.4900000000002,373.22000000000014,371.0500000000002,372.57000000000016,4513
2026-06-29T15:30:00+00:00,372.57000000000016,373.0500000000002,369.78000000000014,371.1100000000002,3966
2026-06-29T16:00:00+00:00,371.1100000000002,371.2900000000002,367.2900000000002,367.72000000000014,3920
2026-06-29T16:30:00+00:00,367.72000000000014,368.96000000000015,366.75000000000017,368.53000000000014,3659
2026-06-29T17:00:00+00:00,368.53000000000014,369.7900000000002,367.35000000000014,369.15000000000015,2943
2026-06-29T17:30:00+00:00,369.15000000000015,369.76000000000016,367.89000000000016,368.2900000000002,2810
2026-06-29T18:00:00+00:00,368.2900000000002,368.32000000000016,367.08000000000015,367.57000000000016,2352
2026-06-29T18:30:00+00:00,367.57000000000016,368.32000000000016,366.82000000000016,367.6700000000002,2277
2026-06-29T19:00:00+00:00,367.6700000000002,369.10000000000014,366.9300000000002,366.97000000000014,2621
2026-06-29T19:30:00+00:00,366.97000000000014,368.5500000000002,366.3700000000002,368.1100000000002,4282
2026-06-30T13:30:00+00:00,368.1100000000002,372.1100000000002,366.91000000000014,371.02000000000015,6358
2026-06-30T14:00:00+00:00,371.02000000000015,372.1100000000002,369.94000000000017,371.50000000000017,4612
2026-06-30T14:30:00+00:00,371.50000000000017,372.14000000000016,368.6800000000002,369.28000000000014,4533
2026-06-30T15:00:00+00:00,369.28000000000014,370.1700000000002,367.70000000000016,370.15000000000015,4439
2026-06-30T15:30:00+00:00,370.15000000000015,370.4200000000002,369.32000000000016,369.9900000000002,3824
2026-06-30T16:00:00+00:00,369.9900000000002,370.91000000000014,369.7400000000002,370.41000000000014,3289
2026-06-30T16:30:00+00:00,370.41000000000014,372.89000000000016,370.07000000000016,372.25000000000017,3796
2026-06-30T17:00:00+00:00,372.25000000000017,372.52000000000015,370.25000000000017,370.8700000000002,3716
2026-06-30T17:30:00+00:00,370.8700000000002,370.9800000000002,369.94000000000017,370.4200000000002,2926
2026-06-30T18:00:00+00:00,370.4200000000002,370.96000000000015,369.84000000000015,370.33000000000015,2660
2026-06-30T18:30:00+00:00,370.33000000000015,370.4900000000002,369.35000000000014,370.0500000000002,3167
2026-06-30T19:00:00+00:00,370.0500000000002,371.39000000000016,369.88000000000017,370.70000000000016,3688
2026-06-30T19:30:00+00:00,370.70000000000016,373.6700000000002,370.3700000000002,372.3100000000002,6122
2026-07-01T13:30:00+00:00,372.3100000000002,380.34000000000015,372.3100000000002,377.0400000000002,7590
2026-07-01T14:00:00+00:00,377.0400000000002,382.7900000000002,376.27000000000015,381.8000000000002,5589
2026-07-01T14:30:00+00:00,381.8000000000002,384.94000000000017,380.89000000000016,384.78000000000014,6431.35720503284
2026-07-01T15:00:00+00:00,384.78000000000014,387.3000000000001,384.3200000000001,386.2400000000001,6009
2026-07-01T15:30:00+00:00,386.2400000000001,386.3800000000001,383.3200000000001,385.33000000000015,5498
2026-07-01T16:00:00+00:00,385.33000000000015,385.89000000000016,384.54000000000013,385.09000000000015,4460
2026-07-01T16:30:00+00:00,385.09000000000015,386.5700000000001,384.85000000000014,385.78000000000014,4179
2026-07-01T17:00:00+00:00,385.78000000000014,387.6100000000001,385.5500000000001,387.3100000000001,4229
2026-07-01T17:30:00+00:00,387.3100000000001,387.7500000000001,386.0700000000001,387.1900000000001,4055
2026-07-01T18:00:00+00:00,387.1900000000001,388.33000000000015,386.60000000000014,387.66000000000014,4102
2026-07-01T18:30:00+00:00,387.66000000000014,387.83000000000015,386.28000000000014,386.41000000000014,3869
2026-07-01T19:00:00+00:00,386.41000000000014,387.53000000000014,384.58000000000015,384.64000000000016,4397
2026-07-01T19:30:00+00:00,384.64000000000016,385.28000000000014,382.3200000000001,383.90000000000015,6463
2026-07-02T13:30:00+00:00,383.90000000000015,386.7500000000001,383.21000000000015,385.84000000000015,4749
2026-07-02T14:00:00+00:00,385.84000000000015,389.28000000000014,385.42000000000013,388.1200000000001,3839
2026-07-02T14:30:00+00:00,388.1200000000001,389.92000000000013,387.22000000000014,389.5100000000001,4573.7537441900495
2026-07-02T15:00:00+00:00,389.5100000000001,390.0400000000001,385.7700000000001,387.1400000000001,4255
2026-07-02T15:30:00+00:00,387.1400000000001,388.81000000000006,387.0900000000001,388.5300000000001,3086
2026-07-02T16:00:00+00:00,388.5300000000001,390.4400000000001,387.8500000000001,390.4400000000001,3252
2026-07-02T16:30:00+00:00,390.4400000000001,390.56000000000006,388.8300000000001,389.8800000000001,3213
2026-07-02T17:00:00+00:00,389.8800000000001,391.2800000000001,388.2500000000001,391.11000000000007,3008
2026-07-02T17:30:00+00:00,391.11000000000007,391.56000000000006,389.6000000000001,390.0700000000001,2899
2026-07-02T18:00:00+00:00,390.0700000000001,391.3500000000001,389.12000000000006,390.43000000000006,2880
2026-07-02T18:30:00+00:00,390.43000000000006,391.05000000000007,389.61000000000007,390.3400000000001,2371
2026-07-02T19:00:00+00:00,390.3400000000001,391.7000000000001,389.5700000000001,390.5700000000001,2648
2026-07-02T19:30:00+00:00,390.5700000000001,391.0100000000001,388.8400000000001,389.12000000000006,4429
2026-07-06T13:30:00+00:00,389.12000000000006,389.12000000000006,380.7200000000001,384.2300000000001,5557
2026-07-06T14:00:00+00:00,384.2300000000001,384.81000000000006,382.2600000000001,383.5400000000001,4190
2026-07-06T14:30:00+00:00,383.5400000000001,384.7100000000001,382.0700000000001,384.7000000000001,3617
2026-07-06T15:00:00+00:00,384.7000000000001,386.3200000000001,384.5100000000001,386.2300000000001,3182
2026-07-06T15:30:00+00:00,386.2300000000001,386.4800000000001,385.5100000000001,385.5400000000001,2870
2026-07-06T16:00:00+00:00,385.5400000000001,385.7700000000001,383.18000000000006,383.4800000000001,3111
2026-07-06T16:30:00+00:00,383.4800000000001,384.7900000000001,383.3400000000001,384.5400000000001,2558
2026-07-06T17:00:00+00:00,384.5400000000001,385.6500000000001,384.5400000000001,385.3500000000001,2758
2026-07-06T17:30:00+00:00,385.3500000000001,385.55000000000007,383.61000000000007,384.18000000000006,2581
2026-07-06T18:00:00+00:00,384.18000000000006,386.1000000000001,383.6400000000001,385.8200000000001,2344
2026-07-06T18:30:00+00:00,385.8200000000001,386.2500000000001,385.0700000000001,385.2500000000001,1844
2026-07-06T19:00:00+00:00,385.2500000000001,386.0200000000001,385.1900000000001,385.7800000000001,2156
2026-07-06T19:30:00+00:00,385.7800000000001,386.6900000000001,385.4600000000001,386.24000000000007,3792
2026-07-07T13:30:00+00:00,386.24000000000007,394.1900000000001,386.24000000000007,392.7800000000001,17775
2026-07-07T14:00:00+00:00,392.7800000000001,394.99000000000007,391.0100000000001,393.4000000000001,9526
2026-07-07T14:30:00+00:00,393.4000000000001,394.3200000000001,390.9700000000001,391.36000000000007,8886
2026-07-07T15:00:00+00:00,391.36000000000007,393.55000000000007,391.2600000000001,392.86000000000007,6142
2026-07-07T15:30:00+00:00,392.86000000000007,393.6000000000001,392.0100000000001,393.1900000000001,5404
2026-07-07T16:00:00+00:00,393.1900000000001,393.8200000000001,392.12000000000006,393.5400000000001,5230
2026-07-07T16:30:00+00:00,393.5400000000001,394.3400000000001,393.05000000000007,393.5100000000001,4625
2026-07-07T17:00:00+00:00,393.5100000000001,393.7700000000001,392.4700000000001,393.05000000000007,4377
2026-07-07T17:30:00+00:00,393.05000000000007,393.0800000000001,391.7500000000001,392.2700000000001,3432
2026-07-07T18:00:00+00:00,392.2700000000001,392.86000000000007,391.2200000000001,391.3500000000001,3585
2026-07-07T18:30:00+00:00,391.3500000000001,391.5200000000001,390.1600000000001,390.5200000000001,3607
2026-07-07T19:00:00+00:00,390.5200000000001,390.5300000000001,388.9400000000001,389.0100000000001,4247
2026-07-07T19:30:00+00:00,389.0100000000001,389.62000000000006,387.7100000000001,388.2800000000001,4957
2026-07-08T13:30:00+00:00,388.2800000000001,388.2800000000001,381.18000000000006,382.5900000000001,11167
2026-07-08T14:00:00+00:00,382.5900000000001,383.99000000000007,380.81000000000006,381.7300000000001,9258
2026-07-08T14:30:00+00:00,381.7300000000001,383.30000000000007,381.2300000000001,382.61000000000007,6425.153686310365
2026-07-08T15:00:00+00:00,382.61000000000007,382.7900000000001,381.56000000000006,381.56000000000006,5603
2026-07-08T15:30:00+00:00,381.56000000000006,382.44000000000005,381.1000000000001,382.21000000000004,4899
2026-07-08T16:00:00+00:00,382.21000000000004,382.4700000000001,381.55000000000007,381.95000000000005,4038
2026-07-08T16:30:00+00:00,381.95000000000005,382.77000000000004,381.57000000000005,381.64000000000004,4243
2026-07-08T17:00:00+00:00,381.64000000000004,383.09000000000003,381.09000000000003,382.96000000000004,3553
2026-07-08T17:30:00+00:00,382.96000000000004,383.2900000000001,382.5400000000001,382.9700000000001,3165
2026-07-08T18:00:00+00:00,382.9700000000001,383.56000000000006,382.74000000000007,383.3500000000001,3296
2026-07-08T18:30:00+00:00,383.3500000000001,384.08000000000004,383.05000000000007,383.4200000000001,3085
2026-07-08T19:00:00+00:00,383.4200000000001,383.45000000000005,382.18000000000006,382.9800000000001,2918
2026-07-08T19:30:00+00:00,382.9800000000001,383.26000000000005,382.08000000000004,382.43000000000006,3878
2026-07-09T13:30:00+00:00,382.43000000000006,382.43000000000006,372.89000000000004,378.0400000000001,7618
2026-07-09T14:00:00+00:00,378.0400000000001,378.26000000000005,374.65000000000003,376.0400000000001,6152
2026-07-09T14:30:00+00:00,376.0400000000001,378.44000000000005,375.6000000000001,378.43000000000006,5021
2026-07-09T15:00:00+00:00,378.43000000000006,379.7900000000001,378.2800000000001,379.57000000000005,4605
2026-07-09T15:30:00+00:00,379.57000000000005,380.11000000000007,379.30000000000007,379.51000000000005,3250
2026-07-09T16:00:00+00:00,379.51000000000005,379.71000000000004,378.4700000000001,379.15000000000003,3132
2026-07-09T16:30:00+00:00,379.15000000000003,379.68000000000006,378.70000000000005,378.93000000000006,2904
2026-07-09T17:00:00+00:00,378.93000000000006,380.4200000000001,378.87000000000006,380.3500000000001,2742
2026-07-09T17:30:00+00:00,380.3500000000001,380.39000000000004,379.74000000000007,380.21000000000004,2610
2026-07-09T18:00:00+00:00,380.21000000000004,380.77000000000004,379.8500000000001,380.19000000000005,2612
2026-07-09T18:30:00+00:00,380.19000000000005,380.4700000000001,379.95000000000005,380.30000000000007,2715
2026-07-09T19:00:00+00:00,380.30000000000007,381.9200000000001,380.24000000000007,381.89000000000004,2600
2026-07-09T19:30:00+00:00,381.89000000000004,384.19000000000005,381.89000000000004,383.84000000000003,4627
2026-07-10T13:30:00+00:00,383.84000000000003,391.36000000000007,383.84000000000003,384.56000000000006,11499
2026-07-10T14:00:00+00:00,384.56000000000006,385.39000000000004,382.94000000000005,383.81000000000006,8660
2026-07-10T14:30:00+00:00,383.81000000000006,384.09000000000003,381.43000000000006,382.02000000000004,7565.531971399387
2026-07-10T15:00:00+00:00,382.02000000000004,382.73,381.02000000000004,382.37,5936
2026-07-10T15:30:00+00:00,382.37,384.22,382.34000000000003,383.59000000000003,5167
2026-07-10T16:00:00+00:00,383.59000000000003,384.54,383.08000000000004,384.07,4024
2026-07-10T16:30:00+00:00,384.07,385.25,383.81,385.16,3142
2026-07-10T17:00:00+00:00,385.16,385.26000000000005,383.59000000000003,383.64000000000004,2716
2026-07-10T17:30:00+00:00,383.64000000000004,384.11,382.64000000000004,383.02000000000004,2609
2026-07-10T18:00:00+00:00,383.02000000000004,384.68,382.95000000000005,384.56,2684
2026-07-10T18:30:00+00:00,384.56,385.07,384.28000000000003,384.5,2069
2026-07-10T19:00:00+00:00,384.5,385.14000000000004,384.36,384.58000000000004,2157
2026-07-10T19:30:00+00:00,384.58000000000004,385.23,384.07,384.69,3086
2026-07-13T13:30:00+00:00,384.69,387.9,382.63999999999993,384.11999999999995,4932.130705065751
2026-07-13T14:00:00+00:00,384.11999999999995,384.34,380.72000000000014,382.1200000000002,4051.4912689594703
2026-07-13T14:30:00+00:00,382.1200000000002,386.12000000000006,381.9400000000002,385.9100000000001,3185.166784962048
2026-07-13T15:00:00+00:00,385.9100000000001,392.1200000000002,385.87000000000006,392.02000000000015,3010.7028186115385
2026-07-13T15:30:00+00:00,392.02000000000015,392.22000000000014,391.33000000000015,391.50000000000017,2640
2026-07-13T16:00:00+00:00,391.50000000000017,393.34000000000015,391.20000000000016,393.26000000000016,2750
2026-07-13T16:30:00+00:00,393.26000000000016,394.3000000000001,392.53000000000014,393.95000000000016,3311
2026-07-13T17:00:00+00:00,393.95000000000016,394.5500000000001,393.20000000000016,393.50000000000017,2542
2026-07-13T17:30:00+00:00,393.50000000000017,393.72000000000014,392.3600000000001,392.82000000000016,2336
2026-07-13T18:00:00+00:00,392.82000000000016,393.54000000000013,392.8000000000001,393.34000000000015,2294
2026-07-13T18:30:00+00:00,393.34000000000015,394.63000000000017,393.03000000000014,393.90000000000015,2282
2026-07-13T19:00:00+00:00,393.90000000000015,394.14000000000016,391.22000000000014,391.33000000000015,2338
2026-07-13T19:30:00+00:00,391.33000000000015,392.63000000000017,390.52000000000015,392.23000000000013,3511
2026-07-14T13:30:00+00:00,392.23000000000013,392.23000000000013,379.54000000000013,386.22000000000014,4862
2026-07-14T14:00:00+00:00,386.22000000000014,386.53000000000014,383.73000000000013,385.58000000000015,3929
2026-07-14T14:30:00+00:00,385.58000000000015,388.67000000000013,385.39000000000016,388.4300000000002,3251
2026-07-14T15:00:00+00:00,388.4300000000002,388.63000000000017,386.45000000000016,386.7400000000002,2630
2026-07-14T15:30:00+00:00,386.7400000000002,387.16000000000014,385.32000000000016,385.6200000000002,2537
2026-07-14T16:00:00+00:00,385.6200000000002,387.60000000000014,385.03000000000014,387.60000000000014,2311
2026-07-14T16:30:00+00:00,387.60000000000014,388.58000000000015,387.33000000000015,388.51000000000016,2094
2026-07-14T17:00:00+00:00,388.51000000000016,389.1200000000002,387.10000000000014,387.71000000000015,1862
2026-07-14T17:30:00+00:00,387.71000000000015,388.38000000000017,387.39000000000016,388.07000000000016,1758
2026-07-14T18:00:00+00:00,388.07000000000016,388.59000000000015,387.25000000000017,387.8000000000001,1721
2026-07-14T18:30:00+00:00,387.8000000000001,387.9300000000002,386.25000000000017,386.3000000000001,1858
2026-07-14T19:00:00+00:00,386.3000000000001,387.33000000000015,385.94000000000017,387.02000000000015,1972
2026-07-14T19:30:00+00:00,387.02000000000015,387.19000000000017,385.73000000000013,386.07000000000016,2799
2026-07-15T13:30:00+00:00,386.07000000000016,392.39000000000016,386.07000000000016,390.3700000000002,4628
2026-07-15T14:00:00+00:00,390.3700000000002,398.59000000000015,390.3600000000001,395.94000000000017,5994
2026-07-15T14:30:00+00:00,395.94000000000017,398.72000000000014,394.59000000000015,394.8900000000002,4610.601547772596
2026-07-15T15:00:00+00:00,394.8900000000002,398.8400000000002,394.6100000000002,397.6600000000002,3545
2026-07-15T15:30:00+00:00,397.6600000000002,398.8100000000002,396.6400000000002,398.2100000000002,2726
2026-07-15T16:00:00+00:00,398.2100000000002,399.8900000000002,397.9600000000002,398.57000000000016,3021
2026-07-15T16:30:00+00:00,398.57000000000016,398.7100000000002,395.07000000000016,395.44000000000017,2589
2026-07-15T17:00:00+00:00,395.44000000000017,397.4300000000002,395.26000000000016,397.3700000000002,2060
2026-07-15T17:30:00+00:00,397.3700000000002,397.82000000000016,396.1100000000002,397.00000000000017,2250
2026-07-15T18:00:00+00:00,397.00000000000017,398.0900000000002,396.1600000000002,397.3400000000002,2063
2026-07-15T18:30:00+00:00,397.3400000000002,398.0400000000002,396.5600000000002,396.57000000000016,1976
2026-07-15T19:00:00+00:00,396.57000000000016,396.8700000000002,395.7800000000002,396.4700000000002,2205
2026-07-15T19:30:00+00:00,396.4700000000002,397.3100000000002,395.5300000000002,396.4700000000002,2992
2026-07-16T13:30:00+00:00,396.4700000000002,399.57000000000016,392.9600000000002,394.1100000000002,5051
2026-07-16T14:00:00+00:00,394.1100000000002,397.1500000000002,393.57000000000016,396.9600000000002,3464
2026-07-16T14:30:00+00:00,396.9600000000002,399.13000000000017,396.7700000000002,398.2300000000002,3328
2026-07-16T15:00:00+00:00,398.2300000000002,400.5900000000002,397.8100000000002,399.8600000000002,2924
2026-07-16T15:30:00+00:00,399.8600000000002,401.3900000000002,399.1700000000002,401.3100000000002,2514
2026-07-16T16:00:00+00:00,401.3100000000002,401.76000000000016,400.4600000000002,401.6700000000002,2740
2026-07-16T16:30:00+00:00,401.6700000000002,405.3600000000002,401.5500000000002,403.94000000000017,3381
2026-07-16T17:00:00+00:00,403.94000000000017,404.88000000000017,402.2200000000002,404.6700000000002,2826
2026-07-16T17:30:00+00:00,404.6700000000002,404.9100000000002,402.9600000000002,403.5400000000002,2558
2026-07-16T18:00:00+00:00,403.5400000000002,405.6500000000002,403.4100000000002,404.8400000000002,2748
2026-07-16T18:30:00+00:00,404.8400000000002,406.7000000000002,404.51000000000016,406.4800000000002,3177
2026-07-16T19:00:00+00:00,406.4800000000002,406.88000000000017,402.6800000000002,402.6800000000002,3444
2026-07-16T19:30:00+00:00,402.6800000000002,402.7100000000002,399.9600000000002,402.1400000000002,4684
2026-07-17T13:30:00+00:00,402.1400000000002,402.1400000000002,393.3500000000002,394.2800000000002,4910
2026-07-17T14:00:00+00:00,394.2800000000002,394.7300000000002,392.19000000000017,393.9000000000002,4041
2026-07-17T14:30:00+00:00,393.9000000000002,394.3700000000002,391.6400000000002,393.25000000000017,3194.834114245838
2026-07-17T15:00:00+00:00,393.25000000000017,393.3300000000002,390.32000000000016,391.9500000000002,3111
2026-07-17T15:30:00+00:00,391.9500000000002,393.6200000000002,391.7800000000002,393.4500000000002,2463
2026-07-17T16:00:00+00:00,393.4500000000002,393.94000000000017,392.0600000000002,393.4600000000002,2547
2026-07-17T16:30:00+00:00,393.4600000000002,395.7100000000002,393.2000000000002,394.9100000000002,2216
2026-07-17T17:00:00+00:00,394.9100000000002,395.8600000000002,394.9000000000002,395.5900000000002,2311
2026-07-17T17:30:00+00:00,395.5900000000002,396.3900000000002,395.4500000000002,395.9300000000002,2210
2026-07-17T18:00:00+00:00,395.9300000000002,396.9300000000002,395.4600000000002,395.7200000000002,2509
2026-07-17T18:30:00+00:00,395.7200000000002,396.2100000000002,394.82000000000016,396.0300000000002,2255
2026-07-17T19:00:00+00:00,396.0300000000002,396.5900000000002,395.3600000000002,396.50000000000017,2566
2026-07-17T19:30:00+00:00,396.50000000000017,396.8300000000002,394.50000000000017,394.7100000000002,5073
2026-07-20T13:30:00+00:00,394.7100000000002,396.4900000000002,393.5800000000002,394.64000000000016,5204.779430642653
2026-07-20T14:00:00+00:00,394.64000000000016,398.84000000000015,393.83000000000015,398.01000000000016,3934
2026-07-20T14:30:00+00:00,398.01000000000016,400.0600000000001,397.83000000000015,399.64000000000016,3332
2026-07-20T15:00:00+00:00,399.64000000000016,401.8700000000001,399.16000000000014,401.47000000000014,3876
2026-07-20T15:30:00+00:00,401.47000000000014,403.0000000000001,400.83000000000015,402.6300000000001,2931
2026-07-20T16:00:00+00:00,402.6300000000001,405.5600000000001,402.54000000000013,405.26000000000016,2708
2026-07-20T16:30:00+00:00,405.26000000000016,406.8700000000001,405.1900000000001,405.2400000000001,3221
2026-07-20T17:00:00+00:00,405.2400000000001,405.89000000000016,403.9400000000001,405.6900000000001,2708
2026-07-20T17:30:00+00:00,405.6900000000001,406.1800000000001,404.57000000000016,405.53000000000014,2502
2026-07-20T18:00:00+00:00,405.53000000000014,406.14000000000016,405.1200000000001,405.7400000000001,2335
2026-07-20T18:30:00+00:00,405.7400000000001,406.0500000000001,403.6100000000001,404.35000000000014,2759
2026-07-20T19:00:00+00:00,404.35000000000014,405.1900000000001,404.1800000000001,405.0000000000001,2250
2026-07-20T19:30:00+00:00,405.0000000000001,406.5000000000001,404.4900000000001,406.32000000000016,4027
2026-07-21T13:30:00+00:00,406.32000000000016,406.32000000000016,400.0600000000001,403.6900000000001,4661
2026-07-21T14:00:00+00:00,403.6900000000001,405.15000000000015,402.09000000000015,404.84000000000015,3327
2026-07-21T14:30:00+00:00,404.84000000000015,405.08000000000015,403.01000000000016,403.09000000000015,2402
2026-07-21T15:00:00+00:00,403.09000000000015,403.1100000000001,401.85000000000014,402.45000000000016,2550
2026-07-21T15:30:00+00:00,402.45000000000016,403.83000000000015,402.2500000000001,402.39000000000016,2018
2026-07-21T16:00:00+00:00,402.39000000000016,402.45000000000016,401.23000000000013,401.85000000000014,2070
2026-07-21T16:30:00+00:00,401.85000000000014,403.17000000000013,401.54000000000013,402.46000000000015,1925
2026-07-21T17:00:00+00:00,402.46000000000015,403.40000000000015,401.83000000000015,403.22000000000014,1868
2026-07-21T17:30:00+00:00,403.22000000000014,403.3600000000001,402.35000000000014,403.03000000000014,1454
2026-07-21T18:00:00+00:00,403.03000000000014,403.03000000000014,402.08000000000015,402.52000000000015,1684
2026-07-21T18:30:00+00:00,402.52000000000015,402.6900000000001,401.78000000000014,402.0000000000001,1568
2026-07-21T19:00:00+00:00,402.0000000000001,403.4300000000001,401.8600000000001,403.3000000000001,1672
2026-07-21T19:30:00+00:00,403.3000000000001,403.48000000000013,401.04000000000013,401.3100000000001,2687
2026-07-22T13:30:00+00:00,401.3100000000001,404.4400000000001,394.58000000000015,395.34000000000015,4257
2026-07-22T14:00:00+00:00,395.34000000000015,396.78000000000014,393.33000000000015,393.4900000000001,3461
2026-07-22T14:30:00+00:00,393.4900000000001,394.1200000000001,392.04000000000013,393.3700000000001,3070.9094843462244
2026-07-22T15:00:00+00:00,393.3700000000001,393.89000000000016,392.73000000000013,393.40000000000015,2821
2026-07-22T15:30:00+00:00,393.40000000000015,393.46000000000015,391.91000000000014,393.26000000000016,2555
2026-07-22T16:00:00+00:00,393.26000000000016,393.33000000000015,392.03000000000014,392.83000000000015,2341
2026-07-22T16:30:00+00:00,392.83000000000015,393.41000000000014,392.28000000000014,393.2400000000001,2070
2026-07-22T17:00:00+00:00,393.2400000000001,393.2400000000001,390.9900000000001,391.64000000000016,2282
2026-07-22T17:30:00+00:00,391.64000000000016,391.95000000000016,390.9400000000001,390.95000000000016,1835
2026-07-22T18:00:00+00:00,390.95000000000016,392.39000000000016,390.78000000000014,392.28000000000014,2113
2026-07-22T18:30:00+00:00,392.28000000000014,392.6900000000001,391.9400000000001,392.51000000000016,1760
2026-07-22T19:00:00+00:00,392.51000000000016,393.70000000000016,392.3800000000001,393.21000000000015,2318
2026-07-22T19:30:00+00:00,393.21000000000015,394.66000000000014,392.04000000000013,394.07000000000016,3816
2026-07-23T13:30:00+00:00,394.07000000000016,395.4900000000001,390.9400000000001,392.0500000000001,4585
2026-07-23T14:00:00+00:00,392.0500000000001,392.6900000000001,386.73000000000013,387.02000000000015,4380
2026-07-23T14:30:00+00:00,387.02000000000015,387.83000000000015,382.65000000000015,383.0500000000001,3752
2026-07-23T15:00:00+00:00,383.0500000000001,383.27000000000015,381.1800000000001,382.3100000000001,3961
2026-07-23T15:30:00+00:00,382.3100000000001,383.59000000000015,381.70000000000016,383.45000000000016,3015
2026-07-23T16:00:00+00:00,383.45000000000016,384.92000000000013,383.33000000000015,384.3600000000001,2415
2026-07-23T16:30:00+00:00,384.3600000000001,385.16000000000014,383.6300000000001,385.07000000000016,2444
2026-07-23T17:00:00+00:00,385.07000000000016,385.89000000000016,384.70000000000016,385.28000000000014,2168
2026-07-23T17:30:00+00:00,385.28000000000014,385.3600000000001,384.41000000000014,384.67000000000013,2412
2026-07-23T18:00:00+00:00,384.67000000000013,385.52000000000015,384.53000000000014,385.3600000000001,2352
2026-07-23T18:30:00+00:00,385.3600000000001,385.9900000000001,384.98000000000013,385.8000000000001,2342
2026-07-23T19:00:00+00:00,385.8000000000001,385.95000000000016,384.53000000000014,384.72000000000014,2269
2026-07-23T19:30:00+00:00,384.72000000000014,386.2400000000001,383.2400000000001,385.5000000000001,3393
2026-07-24T13:30:00+00:00,385.5000000000001,392.6800000000001,384.4400000000001,385.01000000000016,5145
2026-07-24T14:00:00+00:00,385.01000000000016,387.17000000000013,384.60000000000014,385.4300000000001,3641
2026-07-24T14:30:00+00:00,385.4300000000001,388.3000000000001,385.41000000000014,387.98000000000013,3078
2026-07-24T15:00:00+00:00,387.98000000000013,389.84000000000015,387.17000000000013,388.8600000000001,3017
2026-07-24T15:30:00+00:00,388.8600000000001,389.48000000000013,387.2500000000001,387.7500000000001,2551
2026-07-24T16:00:00+00:00,387.7500000000001,389.10000000000014,387.6800000000001,388.95000000000016,2164
2026-07-24T16:30:00+00:00,388.95000000000016,389.0500000000001,387.6800000000001,387.76000000000016,2256
2026-07-24T17:00:00+00:00,387.76000000000016,388.16000000000014,387.33000000000015,388.02000000000015,2083
2026-07-24T17:30:00+00:00,388.02000000000015,388.73000000000013,387.46000000000015,388.54000000000013,1887
2026-07-24T18:00:00+00:00,388.54000000000013,388.76000000000016,387.7500000000001,387.76000000000016,2227
2026-07-24T18:30:00+00:00,387.76000000000016,388.7500000000001,387.40000000000015,388.32000000000016,2408
2026-07-24T19:00:00+00:00,388.32000000000016,388.58000000000015,387.21000000000015,387.22000000000014,2463
2026-07-24T19:30:00+00:00,387.22000000000014,387.6100000000001,385.07000000000016,385.3100000000001,3789
2026-07-27T13:30:00+00:00,385.3100000000001,397.46000000000004,383.5900000000001,396.23,5196.340545906611
2026-07-27T14:00:00+00:00,396.23,398.44,395.27000000000004,395.28000000000003,4719
2026-07-27T14:30:00+00:00,395.28000000000003,396.02000000000004,394.35,394.59000000000003,3541
2026-07-27T15:00:00+00:00,394.59000000000003,399.03000000000003,394.41,398.64000000000004,3409
2026-07-27T15:30:00+00:00,398.64000000000004,398.88,395.15000000000003,395.15000000000003,3176
2026-07-27T16:00:00+00:00,395.15000000000003,396.06,394.55,395.48,2614
2026-07-27T16:30:00+00:00,395.48,397.11,395.38,396.45,2600
2026-07-27T17:00:00+00:00,396.45,397.37,395.95,396.67,2127
2026-07-27T17:30:00+00:00,396.67,399.02,396.65000000000003,399.02,2181.795802599808
2026-07-27T18:00:00+00:00,399.02,399.31,397.69999999999993,397.81999999999994,1484.0943984973778
2026-07-27T18:30:00+00:00,397.81999999999994,399.2699999999999,397.69999999999993,398.68999999999994,2191
2026-07-27T19:00:00+00:00,398.68999999999994,398.68999999999994,396.3399999999999,396.5199999999999,2158
2026-07-27T19:30:00+00:00,396.5199999999999,396.61999999999995,393.7799999999999,394.44999999999993,3505
2026-07-28T13:30:00+00:00,394.44999999999993,405.2399999999999,394.44999999999993,397.2899999999999,6276
2026-07-28T14:00:00+00:00,397.2899999999999,402.2899999999999,397.24999999999994,400.6099999999999,4813
2026-07-28T14:30:00+00:00,400.6099999999999,402.81999999999994,399.8299999999999,401.6499999999999,3912
2026-07-28T15:00:00+00:00,401.6499999999999,405.25999999999993,400.99999999999994,405.0799999999999,3546
2026-07-28T15:30:00+00:00,405.0799999999999,405.4799999999999,402.1499999999999,402.94999999999993,3100
2026-07-28T16:00:00+00:00,402.94999999999993,404.00999999999993,401.2899999999999,403.2099999999999,2605
2026-07-28T16:30:00+00:00,403.2099999999999,404.00999999999993,403.18999999999994,404.00999999999993,2112
2026-07-28T17:00:00+00:00,404.00999999999993,404.06999999999994,402.67999999999995,403.24999999999994,2033
2026-07-28T17:30:00+00:00,403.24999999999994,404.6699999999999,402.9599999999999,404.30999999999995,2135
2026-07-28T18:00:00+00:00,404.30999999999995,404.36999999999995,401.94999999999993,402.69999999999993,2450
2026-07-28T18:30:00+00:00,402.69999999999993,403.1699999999999,401.81999999999994,402.1099999999999,2139
2026-07-28T19:00:00+00:00,402.1099999999999,402.2299999999999,397.7699999999999,398.0399999999999,2404
2026-07-28T19:30:00+00:00,398.0399999999999,398.9599999999999,397.4899999999999,398.5899999999999,3466
2026-07-29T13:30:00+00:00,398.5899999999999,399.2999999999999,393.8499999999999,397.3499999999999,10121
2026-07-29T14:00:00+00:00,397.3499999999999,398.6599999999999,395.7699999999999,397.4899999999999,8263
2026-07-29T14:30:00+00:00,397.4899999999999,400.1499999999999,397.38999999999993,399.4299999999999,6162.153966088482
2026-07-29T15:00:00+00:00,399.4299999999999,400.9799999999999,399.0299999999999,399.8099999999999,5192
2026-07-29T15:30:00+00:00,399.8099999999999,400.44999999999993,399.2199999999999,399.8599999999999,4818
2026-07-29T16:00:00+00:00,399.8599999999999,400.8599999999999,397.9999999999999,400.8299999999999,4946
2026-07-29T16:30:00+00:00,400.8299999999999,401.19999999999993,398.7799999999999,400.4799999999999,4147
2026-07-29T17:00:00+00:00,400.4799999999999,402.3399999999999,400.1699999999999,401.2699999999999,4671
2026-07-29T17:30:00+00:00,401.2699999999999,401.9999999999999,400.6199999999999,401.6799999999999,3950
2026-07-29T18:00:00+00:00,401.6799999999999,404.3299999999999,401.3199999999999,403.7599999999999,6449
2026-07-29T18:30:00+00:00,403.7599999999999,406.4199999999999,403.2099999999999,404.69999999999993,7634
2026-07-29T19:00:00+00:00,404.69999999999993,404.8199999999999,400.9799999999999,401.1699999999999,7183
2026-07-29T19:30:00+00:00,401.1699999999999,401.44999999999993,394.2199999999999,397.2699999999999,10413
2026-07-30T13:30:00+00:00,397.2699999999999,456.8099999999999,397.2699999999999,455.0599999999999,14453
2026-07-30T14:00:00+00:00,455.0599999999999,456.8499999999999,450.4599999999999,455.1199999999999,9323
2026-07-30T14:30:00+00:00,455.1199999999999,457.2899999999999,451.88999999999993,452.3999999999999,7789
2026-07-30T15:00:00+00:00,452.3999999999999,452.6599999999999,448.7799999999999,449.6299999999999,6803
2026-07-30T15:30:00+00:00,449.6299999999999,455.6599999999999,449.4699999999999,455.0599999999999,5082
2026-07-30T16:00:00+00:00,455.0599999999999,461.5799999999999,454.8399999999999,460.4599999999999,5973
2026-07-30T16:30:00+00:00,460.4599999999999,460.8199999999999,458.2099999999999,460.2999999999999,4793
2026-07-30T17:00:00+00:00,460.2999999999999,461.63999999999993,459.94999999999993,461.1299999999999,4505
2026-07-30T17:30:00+00:00,461.1299999999999,463.0799999999999,460.63999999999993,461.1099999999999,4362
2026-07-30T18:00:00+00:00,461.1099999999999,463.8199999999999,460.5599999999999,463.3499999999999,3548
2026-07-30T18:30:00+00:00,463.3499999999999,463.4399999999999,460.9299999999999,461.1199999999999,3788
2026-07-30T19:00:00+00:00,461.1199999999999,462.4599999999999,459.7499999999999,461.9899999999999,3989
2026-07-30T19:30:00+00:00,461.9899999999999,462.1799999999999,455.5299999999999,456.7999999999999,5904
2026-07-31T13:30:00+00:00,456.7999999999999,467.9799999999999,454.7599999999999,467.7799999999999,7627
2026-07-31T14:00:00+00:00,467.7799999999999,467.9899999999999,457.94999999999993,458.2699999999999,5917
2026-07-31T14:30:00+00:00,458.2699999999999,461.4399999999999,456.7199999999999,457.6299999999999,4177
2026-07-31T15:00:00+00:00,457.6299999999999,464.1499999999999,455.7099999999999,462.9599999999999,4450
2026-07-31T15:30:00+00:00,462.9599999999999,468.6899999999999,461.63999999999993,468.3099999999999,4582
2026-07-31T16:00:00+00:00,468.3099999999999,470.0099999999999,466.2299999999999,468.6899999999999,4048
2026-07-31T16:30:00+00:00,468.6899999999999,469.4199999999999,466.7099999999999,467.0299999999999,3453
2026-07-31T17:00:00+00:00,467.0299999999999,468.9799999999999,466.2399999999999,468.7199999999999,3374
2026-07-31T17:30:00+00:00,468.7199999999999,468.9799999999999,465.3199999999999,465.5499999999999,3122
2026-07-31T18:00:00+00:00,465.5499999999999,468.3299999999999,465.1199999999999,468.0999999999999,3023
2026-07-31T18:30:00+00:00,468.0999999999999,468.6499999999999,466.2899999999999,466.2899999999999,2961
2026-07-31T19:00:00+00:00,466.2899999999999,468.88999999999993,466.2899999999999,467.44999999999993,3336
2026-07-31T19:30:00+00:00,467.44999999999993,472.0299999999999,466.8399999999999,470.2299999999999,5405
2026-08-03T13:30:00+00:00,470.2299999999999,506.04,470.2299999999999,504.57,10983.81718111276
2026-08-03T14:00:00+00:00,504.57,506.51,499.95,499.96000000000004,10062
2026-08-03T14:30:00+00:00,499.96000000000004,502.74,498.07,499.14,7625
2026-08-03T15:00:00+00:00,499.14,500.85,496.82,500.79,7183
2026-08-03T15:30:00+00:00,500.79,503.48,500.49,501.58,6518
2026-08-03T16:00:00+00:00,501.58,502.99,501.14,502.66,5110
2026-08-03T16:30:00+00:00,502.66,504.71000000000004,502.39,503.96000000000004,5123
2026-08-03T17:00:00+00:00,503.96000000000004,505.17,502.85,504.33,4743
2026-08-03T17:30:00+00:00,504.33,504.68,503.07,503.14,4302
2026-08-03T18:00:00+00:00,503.14,505.97,502.82,505.87,4732
2026-08-03T18:30:00+00:00,505.87,506.79,504.37,504.44,4644
2026-08-03T19:00:00+00:00,504.44,505.62,503.38,505.22,4529
2026-08-03T19:30:00+00:00,505.22,505.47,501.88,503.03000000000003,6011
2026-08-04T13:30:00+00:00,503.03000000000003,506.17,494.66,506.07,6714
2026-08-04T14:00:00+00:00,506.07,510.97,505.76,508.78000000000003,4928
2026-08-04T14:30:00+00:00,508.78000000000003,513.19,508.73,511.09999999999997,4465
2026-08-04T15:00:00+00:00,511.09999999999997,514.5499999999998,511.0199999999998,513.6899999999998,3979
2026-08-04T15:30:00+00:00,513.6899999999998,513.9199999999998,511.51,512.75,3084
2026-08-04T16:00:00+00:00,512.75,512.9399999999996,511.11999999999966,511.11999999999966,2893
2026-08-04T16:30:00+00:00,511.11999999999966,511.57999999999964,509.32999999999964,509.62999999999965,3033
2026-08-04T17:00:00+00:00,509.62999999999965,511.0899999999997,509.4699999999997,510.48999999999967,2572
2026-08-04T17:30:00+00:00,510.48999999999967,511.4199999999997,509.51999999999964,510.74999999999966,2426
2026-08-04T18:00:00+00:00,510.74999999999966,512.7399999999998,510.61999999999966,512.5699999999997,2752
2026-08-04T18:30:00+00:00,512.5699999999997,512.5799999999997,511.1299999999996,511.3699999999996,2426
2026-08-04T19:00:00+00:00,511.3699999999996,512.9999999999998,511.2299999999996,512.0199999999998,2714
2026-08-04T19:30:00+00:00,512.0199999999998,512.3599999999997,507.1499999999997,507.69999999999965,3820
2026-08-05T13:30:00+00:00,507.69999999999965,513.2499999999997,502.4199999999997,503.49999999999966,5680
2026-08-05T14:00:00+00:00,503.49999999999966,505.32999999999964,502.42999999999967,504.51999999999964,4356
2026-08-05T14:30:00+00:00,504.51999999999964,506.5299999999997,504.4799999999997,506.29999999999967,3760
2026-08-05T15:00:00+00:00,506.29999999999967,507.7299999999997,504.55999999999966,507.6099999999997,3057
2026-08-05T15:30:00+00:00,507.6099999999997,507.64999999999964,503.0999999999996,503.87999999999965,2702
2026-08-05T16:00:00+00:00,503.87999999999965,504.94999999999965,502.92999999999967,504.26999999999964,2809
2026-08-05T16:30:00+00:00,504.26999999999964,504.73999999999967,503.07999999999964,503.54999999999967,2208
2026-08-05T17:00:00+00:00,503.54999999999967,504.29999999999967,502.64999999999964,503.56999999999965,2112
2026-08-05T17:30:00+00:00,503.56999999999965,504.4099999999996,503.14999999999964,504.01999999999964,2465
2026-08-05T18:00:00+00:00,504.01999999999964,505.61999999999966,500.93999999999966,505.04999999999967,2884
2026-08-05T18:30:00+00:00,505.04999999999967,505.64999999999964,504.36999999999966,505.1699999999997,2132
2026-08-05T19:00:00+00:00,505.1699999999997,506.30999999999966,504.73999999999967,505.06999999999965,2412
2026-08-05T19:30:00+00:00,505.06999999999965,506.77999999999963,502.30999999999966,502.74999999999966,3893
2026-08-06T13:30:00+00:00,502.74999999999966,512.3499999999997,502.74999999999966,510.0999999999997,7336
2026-08-06T14:00:00+00:00,510.0999999999997,513.6899999999996,508.8999999999997,511.6599999999997,7156
2026-08-06T14:30:00+00:00,511.6599999999997,513.69,510.0499999999997,513.5999999999999,5662
2026-08-06T15:00:00+00:00,513.5999999999999,514.2,509.84999999999985,511.4799999999999,5570
2026-08-06T15:30:00+00:00,511.4799999999999,511.95999999999987,509.8599999999999,510.58999999999986,4456
2026-08-06T16:00:00+00:00,510.58999999999986,510.95999999999987,509.64999999999986,509.95999999999987,3860
2026-08-06T16:30:00+00:00,509.95999999999987,510.5399999999999,508.7999999999999,510.51999999999987,3362
2026-08-06T17:00:00+00:00,510.51999999999987,512.3599999999999,510.15999999999985,511.7,3737
2026-08-06T17:30:00+00:00,511.7,512,510.31,511.11,3508
2026-08-06T18:00:00+00:00,511.11,513.0500000000002,510.90999999999997,512.6200000000002,3586
2026-08-06T18:30:00+00:00,512.6200000000002,512.9100000000002,511.6200000000003,512.2400000000005,3191
2026-08-06T19:00:00+00:00,512.2400000000005,514.2800000000004,512.1100000000006,514.0500000000004,3051
2026-08-06T19:30:00+00:00,514.0500000000004,516.8100000000002,512.6100000000002,515.0900000000001,5911
2026-08-07T13:30:00+00:00,515.0900000000001,520.4199999999998,514.3500000000001,516.9399999999999,5688
2026-08-07T14:00:00+00:00,516.9399999999999,519.48,516.3100000000001,519.16,3992
2026-08-07T14:30:00+00:00,519.16,520.0599999999997,517.5,518.9499999999998,3511
2026-08-07T15:00:00+00:00,518.9499999999998,519.0599999999998,516.7999999999997,517.1999999999994,3403
2026-08-07T15:30:00+00:00,517.1999999999994,519.2299999999993,517.1199999999994,518.8399999999989,2905
2026-08-07T16:00:00+00:00,518.8399999999989,519.1099999999989,517.7999999999988,518.2699999999988,2539
2026-08-07T16:30:00+00:00,518.2699999999988,518.5399999999988,516.109999999999,516.119999999999,2754
2026-08-07T17:00:00+00:00,516.119999999999,516.279999999999,514.0499999999993,515.0099999999993,2911
2026-08-07T17:30:00+00:00,515.0099999999993,515.9999999999993,513.9599999999994,515.5699999999993,2447
2026-08-07T18:00:00+00:00,515.5699999999993,516.0499999999993,514.3099999999991,514.8799999999992,2174
2026-08-07T18:30:00+00:00,514.8799999999992,515.3399999999992,514.109999999999,515.0099999999992,2082
2026-08-07T19:00:00+00:00,515.0099999999992,517.1799999999993,514.9899999999992,516.4199999999992,2208
2026-08-07T19:30:00+00:00,516.4199999999992,517.1499999999996,514.8699999999997,515.0999999999996,3106
2026-08-10T13:30:00+00:00,515.0999999999996,527.4799999999994,515.0999999999996,527.1599999999994,4837.48998437278
2026-08-10T14:00:00+00:00,527.1599999999994,532.5899999999995,526.9599999999994,532.1799999999994,4585
2026-08-10T14:30:00+00:00,532.1799999999994,533.5099999999994,528.2499999999995,528.9399999999996,3809
2026-08-10T15:00:00+00:00,528.9399999999996,530.0299999999996,527.4999999999999,529.27,2701
2026-08-10T15:30:00+00:00,529.27,530.5100000000002,528.6400000000001,530.5100000000002,2172
2026-08-10T16:00:00+00:00,530.5100000000002,530.9600000000003,529.5800000000005,529.6500000000005,2039
2026-08-10T16:30:00+00:00,529.6500000000005,529.9700000000005,526.2100000000005,528.0600000000005,2739
2026-08-10T17:00:00+00:00,528.0600000000005,528.8600000000006,526.6400000000006,528.1400000000008,2414
2026-08-10T17:30:00+00:00,528.1400000000008,528.4200000000008,525.460000000001,525.4800000000009,1966
2026-08-10T18:00:00+00:00,525.4800000000009,525.4800000000009,524.380000000001,524.8400000000009,2129
2026-08-10T18:30:00+00:00,524.8400000000009,526.1700000000012,524.580000000001,526.0600000000011,1855
2026-08-10T19:00:00+00:00,526.0600000000011,526.1700000000011,524.090000000001,524.130000000001,1690
2026-08-10T19:30:00+00:00,524.130000000001,526.7800000000011,523.8300000000011,525.5500000000009,3508
2026-08-11T13:30:00+00:00,525.5500000000009,525.5500000000009,519.4800000000005,520.9900000000005,5007
2026-08-11T14:00:00+00:00,520.9900000000005,522.2200000000005,520.0800000000004,521.1500000000003,3289
2026-08-11T14:30:00+00:00,521.1500000000003,524.1700000000003,520.6300000000003,523.6500000000003,2677
2026-08-11T15:00:00+00:00,523.6500000000003,524.0800000000004,521.3400000000001,521.3400000000001,2682
2026-08-11T15:30:00+00:00,521.3400000000001,521.5600000000002,520.2399999999998,520.8599999999997,2177
2026-08-11T16:00:00+00:00,520.8599999999997,522.4799999999998,520.01,520.43,1946
2026-08-11T16:30:00+00:00,520.43,522.3500000000001,520.3799999999999,521.8500000000001,1905
2026-08-11T17:00:00+00:00,521.8500000000001,522.5,521.7300000000001,522.4300000000001,1956
2026-08-11T17:30:00+00:00,522.4300000000001,523.3900000000001,522.3100000000001,522.6800000000001,1702
2026-08-11T18:00:00+00:00,522.6800000000001,522.8800000000001,521.3400000000001,521.5300000000002,1686
2026-08-11T18:30:00+00:00,521.5300000000002,523.5000000000002,521.3400000000001,522.7400000000002,1970
2026-08-11T19:00:00+00:00,522.7400000000002,523.4200000000001,522.0300000000001,522.6400000000001,1756
2026-08-11T19:30:00+00:00,522.6400000000001,524.0900000000001,521.3400000000001,523.5700000000002,2864
2026-08-12T13:30:00+00:00,523.5700000000002,523.5700000000002,512.4400000000003,513.1000000000004,4612
2026-08-12T14:00:00+00:00,513.1000000000004,516.1900000000003,511.78000000000026,515.5300000000004,3620
2026-08-12T14:30:00+00:00,515.5300000000004,516.2100000000004,513.6000000000003,514.7400000000004,2785.606135822081
2026-08-12T15:00:00+00:00,514.7400000000004,514.8900000000003,512.7000000000005,512.8400000000004,2331
2026-08-12T15:30:00+00:00,512.8400000000004,513.4400000000004,511.87000000000023,512.5400000000004,2318
2026-08-12T16:00:00+00:00,512.5400000000004,513.8100000000004,511.9700000000006,513.7500000000005,2214
2026-08-12T16:30:00+00:00,513.7500000000005,514.7200000000006,512.9700000000005,513.9000000000007,1976
2026-08-12T17:00:00+00:00,513.9000000000007,513.9900000000007,512.8900000000008,513.0000000000009,1896
2026-08-12T17:30:00+00:00,513.0000000000009,513.3700000000008,511.3200000000008,511.91000000000076,2078
2026-08-12T18:00:00+00:00,511.91000000000076,512.4300000000007,511.5800000000008,511.8800000000007,1856
2026-08-12T18:30:00+00:00,511.8800000000007,512.8000000000006,511.62000000000063,512.7200000000007,1864
2026-08-12T19:00:00+00:00,512.7200000000007,514.4100000000009,512.3500000000008,513.9900000000008,1768
2026-08-12T19:30:00+00:00,513.9900000000008,514.2600000000009,511.82000000000085,512.2600000000009,3272
2026-08-13T13:30:00+00:00,512.2600000000009,519.7100000000005,512.2600000000009,518.3200000000006,4341
2026-08-13T14:00:00+00:00,518.3200000000006,520.950000000001,518.0700000000008,518.1800000000007,3258
2026-08-13T14:30:00+00:00,518.1800000000007,519.0800000000008,516.820000000001,517.2700000000013,2469
2026-08-13T15:00:00+00:00,517.2700000000013,517.4800000000014,513.2300000000012,513.6700000000012,2562
2026-08-13T15:30:00+00:00,513.6700000000012,515.6200000000015,513.5100000000012,514.5800000000016,1953
2026-08-13T16:00:00+00:00,514.5800000000016,514.7500000000016,513.5400000000016,514.3000000000014,1908
2026-08-13T16:30:00+00:00,514.3000000000014,514.7000000000013,513.7400000000015,514.0700000000018,1701
2026-08-13T17:00:00+00:00,514.0700000000018,514.6200000000016,513.8700000000017,514.2100000000019,1493
2026-08-13T17:30:00+00:00,514.2100000000019,514.3300000000019,513.2200000000018,513.8300000000017,1513
2026-08-13T18:00:00+00:00,513.8300000000017,514.2000000000015,512.8200000000014,512.8700000000014,1620
2026-08-13T18:30:00+00:00,512.8700000000014,517.0100000000014,512.8600000000014,516.5900000000014,2631
2026-08-13T19:00:00+00:00,516.5900000000014,517.5700000000015,515.4400000000016,516.8100000000015,2414
2026-08-13T19:30:00+00:00,516.8100000000015,518.3200000000015,515.6800000000015,516.8100000000018,2906
2026-08-14T13:30:00+00:00,516.8100000000018,518.3700000000017,513.6300000000017,518.3100000000018,3701
2026-08-14T14:00:00+00:00,518.3100000000018,519.8100000000014,516.8600000000015,518.5900000000013,3100
2026-08-14T14:30:00+00:00,518.5900000000013,519.4300000000013,517.9700000000015,518.1400000000015,2700.3863792708094
2026-08-14T15:00:00+00:00,518.1400000000015,518.4500000000014,517.0700000000012,517.3300000000012,2546
2026-08-14T15:30:00+00:00,517.3300000000012,518.9000000000011,516.9800000000012,518.0100000000011,2507
2026-08-14T16:00:00+00:00,518.0100000000011,518.2400000000011,516.4200000000012,517.3000000000011,1904
2026-08-14T16:30:00+00:00,517.3000000000011,517.390000000001,516.0000000000008,516.1300000000008,1693
2026-08-14T17:00:00+00:00,516.1300000000008,516.4200000000009,515.3200000000006,515.3200000000006,1849
2026-08-14T17:30:00+00:00,515.3200000000006,515.9300000000006,515.1800000000006,515.5200000000004,1576
2026-08-14T18:00:00+00:00,515.5200000000004,515.8600000000004,515.0400000000004,515.0700000000004,1605
2026-08-14T18:30:00+00:00,515.0700000000004,515.4000000000003,514.7700000000004,515.1300000000003,1786
2026-08-14T19:00:00+00:00,515.1300000000003,515.4300000000003,514.3300000000002,515,1841
2026-08-14T19:30:00+00:00,515,515.22,514.1899999999997,514.7599999999995,2633
2026-08-17T13:30:00+00:00,494.57,494.57,483.6,484.23,6935
2026-08-17T14:00:00+00:00,484.23,484.9,481.98,482.05,5184
2026-08-17T14:30:00+00:00,482.05,483.2,481.16,482.65,4406
2026-08-17T15:00:00+00:00,482.65,484.38,482.48,484,3369
2026-08-17T15:30:00+00:00,484,484.71,483.36,484.45,2793
2026-08-17T16:00:00+00:00,484.45,484.55,481.99,482.16,2448
2026-08-17T16:30:00+00:00,482.16,482.28,478.79,479.01,3061
2026-08-17T17:00:00+00:00,479.01,479.57,478.52,478.79,3138
2026-08-17T17:30:00+00:00,478.79,479.22,477.88,478.39,2708
2026-08-17T18:00:00+00:00,478.39,479.45,478.29,478.88,2346
2026-08-17T18:30:00+00:00,478.88,479.75,478.68,479.47,2338
2026-08-17T19:00:00+00:00,479.47,481.19,479.4,480.49,2408
2026-08-17T19:30:00+00:00,480.49,480.57,478.79,480.09,5342
2026-08-18T13:30:00+00:00,480.09,483.51,476.55,479.41,7461
2026-08-18T14:00:00+00:00,479.41,482.39,479.06,480.58,4851
2026-08-18T14:30:00+00:00,480.58,481.27,479.33,480.82,3358
2026-08-18T15:00:00+00:00,480.82,482.18,480.49,481.28,3726
2026-08-18T15:30:00+00:00,481.28,481.76,479.98,480.99,2733
2026-08-18T16:00:00+00:00,480.99,482.25,480.9,481.37,2132
2026-08-18T16:30:00+00:00,481.37,481.83,480.58,481.64,2153
2026-08-18T17:00:00+00:00,481.64,481.69,480.6,481.15,2093
2026-08-18T17:30:00+00:00,481.15,481.79,480.95,481.38,1871
2026-08-18T18:00:00+00:00,481.38,482.24,481.05,481.87,2254
2026-08-18T18:30:00+00:00,481.87,482.21,480.77,481.77,2684
2026-08-18T19:00:00+00:00,481.77,483.27,481.77,482.58,2252
2026-08-18T19:30:00+00:00,482.58,483.21,480.21,481.24,4481
2026-08-19T13:30:00+00:00,481.24,483.53,478.49,481.67,7063
2026-08-19T14:00:00+00:00,481.67,484.26,480.65,481.04,5774
2026-08-19T14:30:00+00:00,481.04,503.8499999999995,481.03,503.7799999999995,4214.180703624734
2026-08-19T15:00:00+00:00,483.59,484.42,483,483.28,3408
2026-08-19T15:30:00+00:00,483.28,488.68,483.02,488.17,4069
2026-08-19T16:00:00+00:00,488.17,488.55,486.21,486.37,3110
2026-08-19T16:30:00+00:00,486.37,486.44,483.36,483.58,3267
2026-08-19T17:00:00+00:00,483.58,484.09,482.3,482.83,3210
2026-08-19T17:30:00+00:00,482.83,483.63,482.3,483.22,2593
2026-08-19T18:00:00+00:00,483.22,484.09,482.9,483.54,3131
2026-08-19T18:30:00+00:00,483.54,484.03,482.74,483.19,2506
2026-08-19T19:00:00+00:00,483.19,484.22,483.06,483.12,2681
2026-08-19T19:30:00+00:00,483.12,484.1,482.38,483.89,5367
2026-08-20T13:30:00+00:00,483.89,483.89,479.16,480.67,6665
2026-08-20T14:00:00+00:00,480.67,482.45,480.38,481.38,5002
2026-08-20T14:30:00+00:00,481.38,482.41,480.38,480.75,3212
2026-08-20T15:00:00+00:00,480.75,481.21,478.98,479.24,3697
2026-08-20T15:30:00+00:00,479.24,481.07,479.23,480.12,2923
2026-08-20T16:00:00+00:00,480.12,480.69,479.38,480.69,2694
2026-08-20T16:30:00+00:00,480.69,483.45,480.06,482.49,3375
2026-08-20T17:00:00+00:00,482.49,482.53,481.14,481.35,2708
2026-08-20T17:30:00+00:00,481.35,481.96,480.71,480.83,2435
2026-08-20T18:00:00+00:00,480.83,481.03,479.82,480.86,3387
2026-08-20T18:30:00+00:00,480.86,481.96,480.55,481.5,3054
2026-08-20T19:00:00+00:00,481.5,481.92,480.98,481.43,2476
2026-08-20T19:30:00+00:00,481.43,481.81,479.54,480.98,4394
2026-08-21T13:30:00+00:00,480.98,483.97,477.99,481.04,4929
2026-08-21T14:00:00+00:00,481.04,484.9,481.04,482.81,4117
2026-08-21T14:30:00+00:00,482.81,504.73999999999955,480.48,504.7099999999995,4025
2026-08-21T15:00:00+00:00,484.52,485.79,482.98,483.3,2923
2026-08-21T15:30:00+00:00,483.3,485.23,483.13,484.79,2805
2026-08-21T16:00:00+00:00,484.79,484.81,483.41,483.72,2536
2026-08-21T16:30:00+00:00,483.72,484.31,482.5,484.13,2299
2026-08-21T17:00:00+00:00,484.13,484.43,483.05,483.58,2735
2026-08-21T17:30:00+00:00,483.58,483.61,480.74,480.81,2379
2026-08-21T18:00:00+00:00,480.81,481.08,480.18,480.66,2344
2026-08-21T18:30:00+00:00,480.66,482.27,480.28,482.23,2443
2026-08-21T19:00:00+00:00,482.23,482.93,481.88,482.36,1971
2026-08-21T19:30:00+00:00,482.36,483.79,481.98,482.97,3391
2026-08-24T13:30:00+00:00,482.97,486.33,482.07,486.1,4255
2026-08-24T14:00:00+00:00,486.1,487.3,483.99,484.96,3731
2026-08-24T14:30:00+00:00,484.96,488.18,484.6,487.65,3007
2026-08-24T15:00:00+00:00,487.65,488.97,485.98,488.65,3147
2026-08-24T15:30:00+00:00,488.65,489.32,487.71,488.84,2676
2026-08-24T16:00:00+00:00,488.84,490.02,487.98,488.47,2371
2026-08-24T16:30:00+00:00,488.47,488.79,487.94,488.35,1763
2026-08-24T17:00:00+00:00,488.35,488.99,487.17,488.16,2418
2026-08-24T17:30:00+00:00,488.16,488.42,486.78,487.37,2266
2026-08-24T18:00:00+00:00,487.37,488.18,486.73,487.97,2302
2026-08-24T18:30:00+00:00,487.97,488.35,486.93,487.37,2170
2026-08-24T19:00:00+00:00,487.37,488.6,486.76,488.2,1827
2026-08-24T19:30:00+00:00,488.2,488.55,486.4,486.93,2624
2026-08-25T13:30:00+00:00,486.93,489.55,483.68,487.01,4270
2026-08-25T14:00:00+00:00,487.01,487.83,485.08,486.19,2850
2026-08-25T14:30:00+00:00,486.19,489.09,485.62,488.67,2572
2026-08-25T15:00:00+00:00,488.67,489.77,487.69,488.75,2460
2026-08-25T15:30:00+00:00,488.75,489.18,487.84,488.64,2165
2026-08-25T16:00:00+00:00,488.64,489.08,488.33,488.91,1470
2026-08-25T16:30:00+00:00,488.91,489.31,488.04,489.11,1661
2026-08-25T17:00:00+00:00,489.11,490.12,488.65,489.25,1618
2026-08-25T17:30:00+00:00,489.25,489.68,488.65,489.13,1622
2026-08-25T18:00:00+00:00,489.13,490.99,488.7,489.39,1846
2026-08-25T18:30:00+00:00,489.39,490.31,488.67,489.96,1561
2026-08-25T19:00:00+00:00,489.96,490.16,489.31,489.62,1455
2026-08-25T19:30:00+00:00,489.62,491.88,489.48,490.9,2438
2026-08-26T13:30:00+00:00,490.9,496.47,486.79,494.52,3851
2026-08-26T14:00:00+00:00,494.52,496.1,492.42,493.11,3325
2026-08-26T14:30:00+00:00,493.11,495.09,492.79,494.49,2621
2026-08-26T15:00:00+00:00,494.73,495.05,493.76,494.46,1910
2026-08-26T15:30:00+00:00,494.46,494.99,493.31,493.47,1700
2026-08-26T16:00:00+00:00,493.47,494.34,493.14,493.32,1733
2026-08-26T16:30:00+00:00,493.32,493.86,492.94,493.61,1594
2026-08-26T17:00:00+00:00,493.61,494.2,493.21,494.19,1730
2026-08-26T17:30:00+00:00,494.19,494.48,492.99,493.83,1605
2026-08-26T18:00:00+00:00,493.83,494.26,493.61,493.81,1562
2026-08-26T18:30:00+00:00,493.81,494.38,493.38,494.33,1755
2026-08-26T19:00:00+00:00,494.33,496.03,494.21,495.53,1553
2026-08-26T19:30:00+00:00,495.53,496.83,494.9,495.86,3204
2026-08-27T13:30:00+00:00,495.86,499.36,489.52,498.41,5961
2026-08-27T14:00:00+00:00,498.41,504.75,497.74,504.45,4589
2026-08-27T14:30:00+00:00,504.45,504.8,501.89,502.28,4019
2026-08-27T15:00:00+00:00,502.28,503.2,499.31,499.67,3629
2026-08-27T15:30:00+00:00,499.67,500.08,497.48,498.85,2866
2026-08-27T16:00:00+00:00,498.85,502.01,498.03,501.77,2279
2026-08-27T16:30:00+00:00,501.77,504.15,501.77,503.48,2401
2026-08-27T17:00:00+00:00,503.48,504.15,502.48,502.67,2101
2026-08-27T17:30:00+00:00,502.67,505.44,502.65,503.63,2504
2026-08-27T18:00:00+00:00,503.63,503.87,500.8,501.83,2727
2026-08-27T18:30:00+00:00,501.83,504.01,501.43,503.79,2440
2026-08-27T19:00:00+00:00,503.79,505.93,503.68,504.88,2540
2026-08-27T19:30:00+00:00,504.88,505.65,503.75,504.24,3872
2026-08-28T13:30:00+00:00,504.24,512.52,504.24,509.26,4243
2026-08-28T14:00:00+00:00,509.26,510.73,507.61,510.13,3366
2026-08-28T14:30:00+00:00,510.13,514.69,509.51,513.37,3372
2026-08-28T15:00:00+00:00,514.64,515.67,513.61,514.72,3033
2026-08-28T15:30:00+00:00,514.72,515.32,513.5,513.98,2909
2026-08-28T16:00:00+00:00,513.98,516.59,513.58,515.88,3698
2026-08-28T16:30:00+00:00,515.88,517.24,515.44,516.26,2602
2026-08-28T17:00:00+00:00,516.26,517.15,515.25,516.56,2587
2026-08-28T17:30:00+00:00,516.56,517.05,514.71,515.15,2147
2026-08-28T18:00:00+00:00,515.15,515.78,513.83,514.05,1985
2026-08-28T18:30:00+00:00,514.05,514.66,513.34,513.36,2590
2026-08-28T19:00:00+00:00,513.36,514.22,512.36,512.74,2486
2026-08-28T19:30:00+00:00,512.74,514.02,511.96,513.13,3406
2026-08-31T13:30:00+00:00,513.13,513.13,506.84,508.37,3777
2026-08-31T14:00:00+00:00,508.37,508.88,506.82,508.73,2756
2026-08-31T14:30:00+00:00,508.73,510.39,508.15,510.31,1983
2026-08-31T15:00:00+00:00,510.31,511.56,509.52,510.24,2321
2026-08-31T15:30:00+00:00,510.24,510.73,509.28,509.3,1858
2026-08-31T16:00:00+00:00,509.3,510.31,508.58,510.03,1632
2026-08-31T16:30:00+00:00,510.03,511.14,508.89,510.85,1835
2026-08-31T17:00:00+00:00,510.85,510.94,509.82,510.1,1810
2026-08-31T17:30:00+00:00,510.1,510.68,509.48,510.43,1594
2026-08-31T18:00:00+00:00,510.43,511.61,509.76,510.38,1586
2026-08-31T18:30:00+00:00,510.38,510.71,509,510.51,1669
2026-08-31T19:00:00+00:00,510.51,510.83,509.29,509.84,1542
2026-08-31T19:30:00+00:00,509.84,510.07,505.78,506.72,3630
2026-09-01T13:30:00+00:00,506.72,506.72,496.09,501.62,4295
2026-09-01T14:00:00+00:00,501.62,504.24,501.01,503.55,2923
2026-09-01T14:30:00+00:00,503.55,503.89,500.79,500.82,2328
2026-09-01T15:00:00+00:00,500.82,501.3,499.36,500.68,2232
2026-09-01T15:30:00+00:00,500.68,500.77,499.98,500.29,1633
2026-09-01T16:00:00+00:00,500.29,500.51,498.88,500.19,1921
2026-09-01T16:30:00+00:00,500.19,500.49,498.48,500.17,2023
2026-09-01T17:00:00+00:00,500.17,500.62,499.47,500.25,1465
2026-09-01T17:30:00+00:00,500.25,501.44,500.25,500.89,1719
2026-09-01T18:00:00+00:00,500.89,501.26,499.84,500.74,1908
2026-09-01T18:30:00+00:00,500.74,500.86,499.49,500.31,2106
2026-09-01T19:00:00+00:00,500.31,500.84,500,500.24,2036
2026-09-01T19:30:00+00:00,500.24,501.22,499.48,500.48,3139
2026-09-02T13:30:00+00:00,500.48,500.48,494.73,497.63,3546
2026-09-02T14:00:00+00:00,497.63,498.44,496.48,497.18,2583
2026-09-02T14:30:00+00:00,497.18,498.23,495.77,497.91,2543
2026-09-02T15:00:00+00:00,497.87,498.15,495.76,496.52,2271
2026-09-02T15:30:00+00:00,496.52,496.64,493.3,494.26,2285
2026-09-02T16:00:00+00:00,494.26,494.65,493.28,493.63,2363
2026-09-02T16:30:00+00:00,493.63,495.72,493.28,495.25,1922
2026-09-02T17:00:00+00:00,495.25,496.38,495.08,495.81,1756
2026-09-02T17:30:00+00:00,495.81,497.26,495.66,497.08,1696
2026-09-02T18:00:00+00:00,497.08,497.21,495.33,495.45,1694
2026-09-02T18:30:00+00:00,495.45,495.98,494.28,494.63,1544
2026-09-02T19:00:00+00:00,494.63,496.88,494.62,496.53,1680
2026-09-02T19:30:00+00:00,496.53,496.94,495.46,496.52,2510
2026-09-03T13:30:00+00:00,496.52,511.88,496.52,511.22,5144
2026-09-03T14:00:00+00:00,511.22,512.35,509.39,509.57,3756
2026-09-03T14:30:00+00:00,509.57,510.83,507.2,508.96,2990
2026-09-03T15:00:00+00:00,508.96,512.7,508.94,512.2,3245
2026-09-03T15:30:00+00:00,512.2,514.32,511.43,514.06,2744
2026-09-03T16:00:00+00:00,514.06,514.42,511.51,511.52,2217
2026-09-03T16:30:00+00:00,511.52,511.9,510.28,510.49,1895
2026-09-03T17:00:00+00:00,510.49,510.76,509.13,509.48,1967
2026-09-03T17:30:00+00:00,509.48,511.08,509.09,510.46,1923
2026-09-03T18:00:00+00:00,510.46,514.99,510.42,514.17,2830
2026-09-03T18:30:00+00:00,514.17,514.21,511.35,511.72,2289
2026-09-03T19:00:00+00:00,511.72,511.97,510.1,510.64,2274
2026-09-03T19:30:00+00:00,510.64,510.8,508.68,509.91,2971
2026-09-04T13:30:00+00:00,509.91,510.21,502.19,503.99,3806
2026-09-04T14:00:00+00:00,503.99,503.99,500.88,501.1,3777
2026-09-04T14:30:00+00:00,501.1,502.16,500.79,501.24,2775
2026-09-04T15:00:00+00:00,501.24,501.33,499.59,500.4,2532
2026-09-04T15:30:00+00:00,500.4,500.58,499.13,500.5,1987
2026-09-04T16:00:00+00:00,500.5,500.91,499.95,500.53,1628
2026-09-04T16:30:00+00:00,500.53,501.2,499.78,499.78,1895
2026-09-04T17:00:00+00:00,499.78,500.57,499.39,500.4,1755
2026-09-04T17:30:00+00:00,500.4,500.61,499.51,500.1,1605
2026-09-04T18:00:00+00:00,500.1,500.31,499.23,499.39,1850
2026-09-04T18:30:00+00:00,499.39,500.26,499.18,500.15,1732
2026-09-04T19:00:00+00:00,500.15,500.38,499.33,499.5,1253
2026-09-04T19:30:00+00:00,499.5,500.05,498.64,499.42,2453
2026-09-08T13:30:00+00:00,499.42,499.42,490.67,492.24,6331
2026-09-08T14:00:00+00:00,492.24,492.4,489.63,489.88,4448
2026-09-08T14:30:00+00:00,489.88,492.03,489.71,491.33,3920
2026-09-08T15:00:00+00:00,491.33,493.59,491.31,492.51,3419
2026-09-08T15:30:00+00:00,492.51,492.77,491.99,492.25,2705
2026-09-08T16:00:00+00:00,492.25,492.62,490.58,490.75,2906
2026-09-08T16:30:00+00:00,490.75,491.54,490.6,491.02,2985
2026-09-08T17:00:00+00:00,491.02,492.38,490.94,491.74,2215
2026-09-08T17:30:00+00:00,491.74,492.35,491.55,491.97,2183
2026-09-08T18:00:00+00:00,491.97,492.17,491.06,491.41,1976
2026-09-08T18:30:00+00:00,491.41,491.44,489.6,490.68,2763
2026-09-08T19:00:00+00:00,490.68,492.51,490.59,492.49,2382
2026-09-08T19:30:00+00:00,492.49,493.58,492.25,493.12,3820
2026-09-09T13:30:00+00:00,493.12,493.74,490.49,491,3831
2026-09-09T14:00:00+00:00,491,491.84,489.28,491.58,2746
2026-09-09T14:30:00+00:00,491.58,493.13,490.83,492.94,2308
2026-09-09T15:00:00+00:00,492.9,493.17,490.93,491.56,2226
2026-09-09T15:30:00+00:00,491.56,492.4,490.6,491.52,1906
2026-09-09T16:00:00+00:00,491.52,491.78,490.55,490.95,1668
2026-09-09T16:30:00+00:00,490.95,492.84,490.78,492.6,1508
2026-09-09T17:00:00+00:00,492.6,493.02,491.84,492.57,1593
2026-09-09T17:30:00+00:00,492.57,492.82,491.98,492.5,1540
2026-09-09T18:00:00+00:00,492.5,492.7,491.26,491.83,1849
2026-09-09T18:30:00+00:00,491.83,492.04,491.17,491.38,1527
2026-09-09T19:00:00+00:00,491.38,491.53,490.59,491.17,1603
2026-09-09T19:30:00+00:00,491.17,491.34,490.44,491.16,2930
2026-09-10T13:30:00+00:00,491.16,491.16,485.51,488.76,2920
2026-09-10T14:00:00+00:00,488.76,490.49,487.86,490.15,2772
2026-09-10T14:30:00+00:00,490.15,492.8,490.15,492.03,2261
2026-09-10T15:00:00+00:00,492.03,492.25,490.68,491.82,1897
2026-09-10T15:30:00+00:00,491.82,492.43,490.68,490.81,2026
2026-09-10T16:00:00+00:00,490.81,492.64,490.58,492.5,1890
2026-09-10T16:30:00+00:00,492.5,493.49,491.7,493.1,1883
2026-09-10T17:00:00+00:00,493.1,493.95,492.06,492.06,1761
2026-09-10T17:30:00+00:00,492.06,492.21,491.18,491.51,1410
2026-09-10T18:00:00+00:00,491.51,491.75,489.75,490.33,1572
2026-09-10T18:30:00+00:00,490.33,491.1,489.99,490.31,1888
2026-09-10T19:00:00+00:00,490.31,490.65,489.57,489.76,1662
2026-09-10T19:30:00+00:00,489.76,492.34,489.56,491.89,2189
2026-09-11T13:30:00+00:00,491.89,498.22,491.89,497.85,2783
2026-09-11T14:00:00+00:00,497.85,497.85,493.99,494.55,2537
2026-09-11T14:30:00+00:00,494.55,495.12,492.07,492.26,2268
2026-09-11T15:00:00+00:00,492.26,496.24,492.1,496.04,2018
2026-09-11T15:30:00+00:00,496.04,496.69,493.74,494,1934
2026-09-11T16:00:00+00:00,494,495.98,494,494.36,1786
2026-09-11T16:30:00+00:00,494.36,495.28,493.56,493.57,1736
2026-09-11T17:00:00+00:00,493.57,495.15,493.56,494.75,1681
2026-09-11T17:30:00+00:00,494.75,494.98,494.06,494.62,1509
2026-09-11T18:00:00+00:00,494.62,495.45,494.23,495.34,1544
2026-09-11T18:30:00+00:00,495.34,496.17,495.04,495.95,1442
2026-09-11T19:00:00+00:00,495.95,496.79,495.95,496.58,1380
2026-09-11T19:30:00+00:00,496.58,496.61,494.72,495.48,1870
